method,dist,var_alpha,queries,epsilon,alpha_fail,p_hat,true_p,error
classical,normal,0.05,10,,,0.0,0.04943796937981328,0.04943796937981328
classical,normal,0.05,11,,,0.0,0.04943796937981328,0.04943796937981328
classical,normal,0.05,12,,,0.08333333333333333,0.04943796937981328,0.033895363953520045
classical,normal,0.05,13,,,0.0,0.04943796937981328,0.04943796937981328
classical,normal,0.05,14,,,0.07142857142857142,0.04943796937981328,0.02199060204875814
classical,normal,0.05,15,,,0.06666666666666667,0.04943796937981328,0.017228697286853382
classical,normal,0.05,16,,,0.0625,0.04943796937981328,0.013062030620186717
classical,normal,0.05,17,,,0.0,0.04943796937981328,0.04943796937981328
classical,normal,0.05,18,,,0.05555555555555555,0.04943796937981328,0.006117586175742269
classical,normal,0.05,20,,,0.05,0.04943796937981328,0.0005620306201867195
classical,normal,0.05,21,,,0.09523809523809523,0.04943796937981328,0.04580012585828195
classical,normal,0.05,23,,,0.043478260869565216,0.04943796937981328,0.005959708510248067
classical,normal,0.05,24,,,0.041666666666666664,0.04943796937981328,0.007771302713146619
classical,normal,0.05,26,,,0.07692307692307693,0.04943796937981328,0.027485107543263644
classical,normal,0.05,28,,,0.0,0.04943796937981328,0.04943796937981328
classical,normal,0.05,30,,,0.1,0.04943796937981328,0.05056203062018672
classical,normal,0.05,32,,,0.0,0.04943796937981328,0.04943796937981328
classical,normal,0.05,34,,,0.0,0.04943796937981328,0.04943796937981328
classical,normal,0.05,37,,,0.02702702702702703,0.04943796937981328,0.022410942352786255
classical,normal,0.05,40,,,0.1,0.04943796937981328,0.05056203062018672
classical,normal,0.05,42,,,0.023809523809523808,0.04943796937981328,0.025628445570289475
classical,normal,0.05,46,,,0.043478260869565216,0.04943796937981328,0.005959708510248067
classical,normal,0.05,49,,,0.04081632653061224,0.04943796937981328,0.008621642849201042
classical,normal,0.05,52,,,0.057692307692307696,0.04943796937981328,0.008254338312494412
classical,normal,0.05,56,,,0.10714285714285714,0.04943796937981328,0.057704887763043854
classical,normal,0.05,60,,,0.06666666666666667,0.04943796937981328,0.017228697286853382
classical,normal,0.05,65,,,0.12307692307692308,0.04943796937981328,0.0736389536971098
classical,normal,0.05,69,,,0.057971014492753624,0.04943796937981328,0.00853304511294034
classical,normal,0.05,74,,,0.013513513513513514,0.04943796937981328,0.03592445586629977
classical,normal,0.05,80,,,0.0375,0.04943796937981328,0.011937969379813285
classical,normal,0.05,86,,,0.03488372093023256,0.04943796937981328,0.014554248449580726
classical,normal,0.05,92,,,0.03260869565217391,0.04943796937981328,0.01682927372763937
classical,normal,0.05,98,,,0.02040816326530612,0.04943796937981328,0.029029806114507162
classical,normal,0.05,105,,,0.08571428571428572,0.04943796937981328,0.03627631633447243
classical,normal,0.05,113,,,0.017699115044247787,0.04943796937981328,0.031738854335565496
classical,normal,0.05,121,,,0.024793388429752067,0.04943796937981328,0.024644580950061216
classical,normal,0.05,130,,,0.03076923076923077,0.04943796937981328,0.018668738610582512
classical,normal,0.05,139,,,0.03597122302158273,0.04943796937981328,0.013466746358230551
classical,normal,0.05,149,,,0.08053691275167785,0.04943796937981328,0.031098943371864564
classical,normal,0.05,160,,,0.05,0.04943796937981328,0.0005620306201867195
classical,normal,0.05,172,,,0.06395348837209303,0.04943796937981328,0.014515518992279743
classical,normal,0.05,184,,,0.04891304347826087,0.04943796937981328,0.0005249259015524116
classical,normal,0.05,197,,,0.03553299492385787,0.04943796937981328,0.013904974455955413
classical,normal,0.05,212,,,0.05660377358490566,0.04943796937981328,0.007165804205092378
classical,normal,0.05,227,,,0.04405286343612335,0.04943796937981328,0.005385105943689933
classical,normal,0.05,243,,,0.07407407407407407,0.04943796937981328,0.024636104694260787
classical,normal,0.05,261,,,0.0421455938697318,0.04943796937981328,0.007292375510081481
classical,normal,0.05,280,,,0.039285714285714285,0.04943796937981328,0.010152255094098998
classical,normal,0.05,300,,,0.043333333333333335,0.04943796937981328,0.0061046360464799485
classical,normal,0.05,321,,,0.059190031152647975,0.04943796937981328,0.009752061772834691
classical,normal,0.05,344,,,0.0377906976744186,0.04943796937981328,0.011647271705394681
classical,normal,0.05,369,,,0.056910569105691054,0.04943796937981328,0.007472599725877771
classical,normal,0.05,396,,,0.04292929292929293,0.04943796937981328,0.006508676450520355
classical,normal,0.05,424,,,0.05660377358490566,0.04943796937981328,0.007165804205092378
classical,normal,0.05,455,,,0.054945054945054944,0.04943796937981328,0.005507085565241661
classical,normal,0.05,488,,,0.04918032786885246,0.04943796937981328,0.00025764151096082516
classical,normal,0.05,523,,,0.05736137667304015,0.04943796937981328,0.007923407293226867
classical,normal,0.05,560,,,0.044642857142857144,0.04943796937981328,0.004795112236956139
classical,normal,0.05,601,,,0.051580698835274545,0.04943796937981328,0.002142729455461262
classical,normal,0.05,644,,,0.052795031055900624,0.04943796937981328,0.0033570616760873404
classical,normal,0.05,690,,,0.06086956521739131,0.04943796937981328,0.011431595837578024
classical,normal,0.05,740,,,0.052702702702702706,0.04943796937981328,0.0032647333228894224
classical,normal,0.05,793,,,0.03783102143757881,0.04943796937981328,0.01160694794223447
classical,normal,0.05,850,,,0.04,0.04943796937981328,0.009437969379813282
classical,normal,0.05,911,,,0.04610318331503842,0.04943796937981328,0.0033347860647748653
classical,normal,0.05,977,,,0.0368474923234391,0.04943796937981328,0.012590477056374186
classical,normal,0.05,1047,,,0.050620821394460364,0.04943796937981328,0.0011828520146470803
classical,normal,0.05,1122,,,0.049019607843137254,0.04943796937981328,0.00041836153667602904
classical,normal,0.05,1203,,,0.05569409808811305,0.04943796937981328,0.006256128708299766
classical,normal,0.05,1289,,,0.048875096974398756,0.04943796937981328,0.0005628724054145273
classical,normal,0.05,1382,,,0.055716353111432707,0.04943796937981328,0.006278383731619423
classical,normal,0.05,1482,,,0.04183535762483131,0.04943796937981328,0.007602611754981975
classical,normal,0.05,1588,,,0.0535264483627204,0.04943796937981328,0.004088478982907116
classical,normal,0.05,1702,,,0.058166862514688604,0.04943796937981328,0.00872889313487532
classical,normal,0.05,1825,,,0.05315068493150685,0.04943796937981328,0.003712715551693564
classical,normal,0.05,1956,,,0.04447852760736196,0.04943796937981328,0.00495944177245132
classical,normal,0.05,2097,,,0.05102527420123987,0.04943796937981328,0.0015873048214265842
classical,normal,0.05,2247,,,0.047619047619047616,0.04943796937981328,0.0018189217607656669
classical,normal,0.05,2409,,,0.056870070568700706,0.04943796937981328,0.007432101188887423
classical,normal,0.05,2582,,,0.04376452362509682,0.04943796937981328,0.005673445754716462
classical,normal,0.05,2768,,,0.04696531791907514,0.04943796937981328,0.0024726514607381414
classical,normal,0.05,2967,,,0.05123019885406134,0.04943796937981328,0.0017922294742480568
classical,normal,0.05,3180,,,0.04182389937106918,0.04943796937981328,0.007614070008744103
classical,normal,0.05,3409,,,0.053388090349075976,0.04943796937981328,0.003950120969262692
classical,normal,0.05,3654,,,0.055281882868089764,0.04943796937981328,0.005843913488276481
classical,normal,0.05,3917,,,0.05208067398519275,0.04943796937981328,0.0026427046053794645
classical,normal,0.05,4198,,,0.04645069080514531,0.04943796937981328,0.002987278574667976
classical,normal,0.05,4500,,,0.04577777777777778,0.04943796937981328,0.003660191602035505
classical,normal,0.05,4824,,,0.04767827529021559,0.04943796937981328,0.0017596940895976965
classical,normal,0.05,5170,,,0.05106382978723404,0.04943796937981328,0.0016258604074207567
classical,normal,0.05,5542,,,0.049801515698303864,0.04943796937981328,0.00036354631849058044
classical,normal,0.05,5941,,,0.05217976771587275,0.04943796937981328,0.0027417983360594686
classical,normal,0.05,6368,,,0.05087939698492462,0.04943796937981328,0.001441427605111338
classical,normal,0.05,6826,,,0.0523000292997363,0.04943796937981328,0.00286205991992302
classical,normal,0.05,7316,,,0.04620010934937124,0.04943796937981328,0.00323786003044204
classical,normal,0.05,7842,,,0.049222137209895434,0.04943796937981328,0.00021583216991784976
classical,normal,0.05,8406,,,0.0496074232690935,0.04943796937981328,0.00016945388928021887
classical,normal,0.05,9011,,,0.04894018421928754,0.04943796937981328,0.0004977851605257461
classical,normal,0.05,9658,,,0.04752536757092566,0.04943796937981328,0.0019126018088876234
classical,normal,0.05,10353,,,0.049454264464406456,0.04943796937981328,1.629508459317225e-05
classical,normal,0.05,11097,,,0.05082454717491214,0.04943796937981328,0.0013865777950988548
classical,normal,0.05,11895,,,0.05145018915510719,0.04943796937981328,0.002012219775293908
classical,normal,0.05,12750,,,0.04650980392156863,0.04943796937981328,0.002928165458244654
classical,normal,0.05,13667,,,0.0465354503548694,0.04943796937981328,0.0029025190249438865
classical,normal,0.05,14649,,,0.048330944091746875,0.04943796937981328,0.0011070252880664086
classical,normal,0.05,15702,,,0.04833779136415743,0.04943796937981328,0.0011001780156558519
classical,normal,0.05,16831,,,0.04996732220307765,0.04943796937981328,0.0005293528232643702
classical,normal,0.05,18041,,,0.04877778393658888,0.04943796937981328,0.0006601854432244023
classical,normal,0.05,19338,,,0.04809183990071362,0.04943796937981328,0.0013461294790996642
classical,normal,0.05,20729,,,0.04756621158763086,0.04943796937981328,0.0018717577921824255
classical,normal,0.05,22219,,,0.04856204149601692,0.04943796937981328,0.000875927883796361
classical,normal,0.05,23816,,,0.05156197514276117,0.04943796937981328,0.0021240057629478837
classical,normal,0.05,25529,,,0.050334913235927765,0.04943796937981328,0.0008969438561144821
classical,normal,0.05,27364,,,0.05032159041075866,0.04943796937981328,0.0008836210309453793
classical,normal,0.05,29331,,,0.04967440591865262,0.04943796937981328,0.00023643653883933385
classical,normal,0.05,31440,,,0.05022264631043257,0.04943796937981328,0.000784676930619288
classical,normal,0.05,33700,,,0.04943620178041543,0.04943796937981328,1.7675993978505389e-06
classical,normal,0.05,36123,,,0.04822412313484484,0.04943796937981328,0.001213846244968446
classical,normal,0.05,38720,,,0.049974173553719005,0.04943796937981328,0.0005362041739057216
classical,normal,0.05,41504,,,0.04799537393986122,0.04943796937981328,0.0014425954399520657
classical,normal,0.05,44487,,,0.04902555802818801,0.04943796937981328,0.000412411351625272
classical,normal,0.05,47686,,,0.04890324204168939,0.04943796937981328,0.0005347273381238957
classical,normal,0.05,51114,,,0.050455843800133036,0.04943796937981328,0.0010178744203197532
classical,normal,0.05,54789,,,0.0489331800178868,0.04943796937981328,0.0005047893619264804
classical,normal,0.05,58727,,,0.04858072096310045,0.04943796937981328,0.0008572484167128358
classical,normal,0.05,62949,,,0.04848369314842174,0.04943796937981328,0.0009542762313915418
classical,normal,0.05,67475,,,0.04981104112634309,0.04943796937981328,0.00037307174652980585
classical,normal,0.05,72326,,,0.04872383375273069,0.04943796937981328,0.0007141356270825919
classical,normal,0.05,77525,,,0.050435343437600776,0.04943796937981328,0.0009973740577874923
classical,normal,0.05,83099,,,0.04852043947580597,0.04943796937981328,0.0009175299040073137
classical,normal,0.05,89073,,,0.049184376859429904,0.04943796937981328,0.00025359252038337915
classical,normal,0.05,95477,,,0.048692355226913286,0.04943796937981328,0.0007456141528999968
classical,normal,0.05,102341,,,0.049247124808239125,0.04943796937981328,0.00019084457157415857
classical,normal,0.05,109698,,,0.04906197013619209,0.04943796937981328,0.0003759992436211945
classical,normal,0.05,117584,,,0.04977718056878487,0.04943796937981328,0.00033921118897158736
classical,normal,0.05,126038,,,0.049723099382725844,0.04943796937981328,0.0002851300029125606
classical,normal,0.05,135099,,,0.04870502372334362,0.04943796937981328,0.0007329456564696621
classical,normal,0.05,144811,,,0.04960949099170643,0.04943796937981328,0.00017152161189314813
classical,normal,0.05,155222,,,0.04855626135470487,0.04943796937981328,0.0008817080251084103
classical,normal,0.05,166381,,,0.04929649419104345,0.04943796937981328,0.00014147518876983511
classical,normal,0.05,178343,,,0.04991505133366603,0.04943796937981328,0.00047708195385274405
classical,normal,0.05,191164,,,0.050349438178736584,0.04943796937981328,0.0009114687989233011
classical,normal,0.05,204907,,,0.049817722186162504,0.04943796937981328,0.0003797528063492206
classical,normal,0.05,219638,,,0.049668090221182126,0.04943796937981328,0.00023012084136884298
classical,normal,0.05,235428,,,0.049140289175459165,0.04943796937981328,0.0002976802043541185
classical,normal,0.05,252353,,,0.05020744750409149,0.04943796937981328,0.0007694781242782098
classical,normal,0.05,270495,,,0.04956468696279044,0.04943796937981328,0.00012671758297715802
classical,normal,0.05,289942,,,0.05005483855391768,0.04943796937981328,0.0006168691741043966
classical,normal,0.05,310786,,,0.0494777757041823,0.04943796937981328,3.9806324369014157e-05
classical,normal,0.05,333129,,,0.04898702904880692,0.04943796937981328,0.00045094033100636505
classical,normal,0.05,357078,,,0.04929735239919569,0.04943796937981328,0.00014061698061759026
classical,normal,0.05,382749,,,0.04927249973220048,0.04943796937981328,0.00016546964761280508
classical,normal,0.05,410265,,,0.04894885013345033,0.04943796937981328,0.000489119246362954
classical,normal,0.05,439760,,,0.04972712388575587,0.04943796937981328,0.00028915450594258624
classical,normal,0.05,471375,,,0.049470167064439144,0.04943796937981328,3.2197684625860645e-05
classical,normal,0.05,505263,,,0.049704807199418916,0.04943796937981328,0.0002668378196056323
classical,normal,0.05,541587,,,0.04967622930387915,0.04943796937981328,0.00023825992406587004
classical,normal,0.05,580522,,,0.04903690127161417,0.04943796937981328,0.0004010681081991138
classical,normal,0.05,622257,,,0.04918707222257042,0.04943796937981328,0.0002508971572428645
classical,normal,0.05,666991,,,0.049571883278784874,0.04943796937981328,0.000133913898971591
classical,normal,0.05,714942,,,0.0494655510516937,0.04943796937981328,2.75816718804181e-05
classical,normal,0.05,766341,,,0.049167407198623066,0.04943796937981328,0.0002705621811902176
classical,normal,0.05,821434,,,0.04963758500378606,0.04943796937981328,0.00019961562397277643
classical,normal,0.05,880488,,,0.049199989096955325,0.04943796937981328,0.00023798028285795803
classical,normal,0.05,943787,,,0.04944124044938106,0.04943796937981328,3.2710695677742874e-06
classical,normal,0.05,1011637,,,0.04966010535399555,0.04943796937981328,0.00022213597418226788
classical,normal,0.05,1084365,,,0.04907019315451901,0.04943796937981328,0.0003677762252942765
classical,normal,0.05,1162322,,,0.04927808300969955,0.04943796937981328,0.00015988637011373624
classical,normal,0.05,1245883,,,0.04945167403359706,0.04943796937981328,1.3704653783773446e-05
classical,normal,0.05,1335451,,,0.049406530078602656,0.04943796937981328,3.1439301210627046e-05
classical,normal,0.05,1431458,,,0.04952153678277672,0.04943796937981328,8.356740296344006e-05
classical,normal,0.05,1534368,,,0.04917594736073745,0.04943796937981328,0.00026202201907583184
classical,normal,0.05,1644676,,,0.049845075869046546,0.04943796937981328,0.00040710648923326237
classical,normal,0.05,1762914,,,0.04949192076300943,0.04943796937981328,5.395138319614495e-05
classical,normal,0.05,1889652,,,0.04963241909092256,0.04943796937981328,0.00019444971110927495
classical,normal,0.05,2025501,,,0.04931520646003137,0.04943796937981328,0.00012276291978191578
classical,normal,0.05,2171117,,,0.04942064384369889,0.04943796937981328,1.7325536114394524e-05
classical,normal,0.05,2327202,,,0.04931716284190199,0.04943796937981328,0.00012080653791129298
classical,normal,0.05,2494508,,,0.04958292376693119,0.04943796937981328,0.00014495438711790987
classical,normal,0.05,2673841,,,0.0493851354661702,0.04943796937981328,5.283391364307999e-05
classical,normal,0.05,2866067,,,0.04954943481781829,0.04943796937981328,0.00011146543800500536
classical,normal,0.05,3072112,,,0.049732561833683145,0.04943796937981328,0.0002945924538698616
classical,normal,0.05,3292971,,,0.04972530884723856,0.04943796937981328,0.0002873394674252766
classical,normal,0.05,3529707,,,0.04949645962115269,0.04943796937981328,5.849024133940811e-05
classical,normal,0.05,3783462,,,0.04950888894879875,0.04943796937981328,7.091956898546553e-05
classical,normal,0.05,4055460,,,0.04925285910846119,0.04943796937981328,0.0001851102713520958
classical,normal,0.05,4347013,,,0.049508938666620046,0.04943796937981328,7.096928680676295e-05
classical,normal,0.05,4659525,,,0.04943486728797463,0.04943796937981328,3.102091838652621e-06
classical,normal,0.05,4994505,,,0.04937906759528722,0.04943796937981328,5.890178452606226e-05
classical,normal,0.05,5353566,,,0.04962262536783893,0.04943796937981328,0.00018465598802564626
classical,normal,0.05,5738441,,,0.049461517509720845,0.04943796937981328,2.354812990756211e-05
classical,normal,0.05,6150985,,,0.049569459200437004,0.04943796937981328,0.00013148982062372028
classical,normal,0.05,6593188,,,0.049404779599792996,0.04943796937981328,3.3189780020287385e-05
classical,normal,0.05,7067181,,,0.04947800261518702,0.04943796937981328,4.003323537373621e-05
classical,normal,0.05,7575250,,,0.04933434540114188,0.04943796937981328,0.00010362397867140494
classical,normal,0.05,8119844,,,0.04949824159183354,0.04943796937981328,6.027221202025562e-05
classical,normal,0.05,8703591,,,0.04929172338176277,0.04943796937981328,0.00014624599805051347
classical,normal,0.05,9329304,,,0.049379031919208546,0.04943796937981328,5.893746060473687e-05
classical,normal,0.05,10000000,,,0.0494384,0.04943796937981328,4.306201867171344e-07
classical,normal,0.1,10,,,0.0,0.09980771876604175,0.09980771876604175
classical,normal,0.1,11,,,0.0,0.09980771876604175,0.09980771876604175
classical,normal,0.1,12,,,0.25,0.09980771876604175,0.15019228123395825
classical,normal,0.1,13,,,0.0,0.09980771876604175,0.09980771876604175
classical,normal,0.1,14,,,0.21428571428571427,0.09980771876604175,0.11447799551967253
classical,normal,0.1,15,,,0.13333333333333333,0.09980771876604175,0.033525614567291584
classical,normal,0.1,16,,,0.125,0.09980771876604175,0.025192281233958252
classical,normal,0.1,17,,,0.17647058823529413,0.09980771876604175,0.07666286946925238
classical,normal,0.1,18,,,0.1111111111111111,0.09980771876604175,0.011303392345069357
classical,normal,0.1,20,,,0.1,0.09980771876604175,0.00019228123395825802
classical,normal,0.1,21,,,0.0,0.09980771876604175,0.09980771876604175
classical,normal,0.1,23,,,0.043478260869565216,0.09980771876604175,0.05632945789647653
classical,normal,0.1,24,,,0.041666666666666664,0.09980771876604175,0.05814105209937508
classical,normal,0.1,26,,,0.11538461538461539,0.09980771876604175,0.015576896618573643
classical,normal,0.1,28,,,0.10714285714285714,0.09980771876604175,0.007335138376815389
classical,normal,0.1,30,,,0.1,0.09980771876604175,0.00019228123395825802
classical,normal,0.1,32,,,0.09375,0.09980771876604175,0.0060577187660417475
classical,normal,0.1,34,,,0.08823529411764706,0.09980771876604175,0.011572424648394683
classical,normal,0.1,37,,,0.16216216216216217,0.09980771876604175,0.062354443396120424
classical,normal,0.1,40,,,0.125,0.09980771876604175,0.025192281233958252
classical,normal,0.1,42,,,0.09523809523809523,0.09980771876604175,0.004569623527946515
classical,normal,0.1,46,,,0.08695652173913043,0.09980771876604175,0.012851197026911315
classical,normal,0.1,49,,,0.10204081632653061,0.09980771876604175,0.002233097560488867
classical,normal,0.1,52,,,0.07692307692307693,0.09980771876604175,0.02288464184296482
classical,normal,0.1,56,,,0.07142857142857142,0.09980771876604175,0.028379147337470323
classical,normal,0.1,60,,,0.11666666666666667,0.09980771876604175,0.01685894790062492
classical,normal,0.1,65,,,0.12307692307692308,0.09980771876604175,0.023269204310881336
classical,normal,0.1,69,,,0.08695652173913043,0.09980771876604175,0.012851197026911315
classical,normal,0.1,74,,,0.17567567567567569,0.09980771876604175,0.07586795690963394
classical,normal,0.1,80,,,0.0875,0.09980771876604175,0.012307718766041753
classical,normal,0.1,86,,,0.11627906976744186,0.09980771876604175,0.01647135100140011
classical,normal,0.1,92,,,0.06521739130434782,0.09980771876604175,0.03459032746169392
classical,normal,0.1,98,,,0.1326530612244898,0.09980771876604175,0.03284534245844806
classical,normal,0.1,105,,,0.14285714285714285,0.09980771876604175,0.0430494240911011
classical,normal,0.1,113,,,0.13274336283185842,0.09980771876604175,0.03293564406581667
classical,normal,0.1,121,,,0.049586776859504134,0.09980771876604175,0.050220941906537614
classical,normal,0.1,130,,,0.1,0.09980771876604175,0.00019228123395825802
classical,normal,0.1,139,,,0.05755395683453238,0.09980771876604175,0.04225376193150937
classical,normal,0.1,149,,,0.12751677852348994,0.09980771876604175,0.027709059757448196
classical,normal,0.1,160,,,0.09375,0.09980771876604175,0.0060577187660417475
classical,normal,0.1,172,,,0.08139534883720931,0.09980771876604175,0.01841236992883244
classical,normal,0.1,184,,,0.09239130434782608,0.09980771876604175,0.007416414418215667
classical,normal,0.1,197,,,0.07614213197969544,0.09980771876604175,0.02366558678634631
classical,normal,0.1,212,,,0.12264150943396226,0.09980771876604175,0.022833790667920517
classical,normal,0.1,227,,,0.09251101321585903,0.09980771876604175,0.007296705550182719
classical,normal,0.1,243,,,0.102880658436214,0.09980771876604175,0.003072939670172248
classical,normal,0.1,261,,,0.10344827586206896,0.09980771876604175,0.0036405570960272166
classical,normal,0.1,280,,,0.12857142857142856,0.09980771876604175,0.02876370980538681
classical,normal,0.1,300,,,0.11333333333333333,0.09980771876604175,0.01352561456729158
classical,normal,0.1,321,,,0.09034267912772585,0.09980771876604175,0.009465039638315895
classical,normal,0.1,344,,,0.07848837209302326,0.09980771876604175,0.02131934667301849
classical,normal,0.1,369,,,0.07859078590785908,0.09980771876604175,0.02121693285818267
classical,normal,0.1,396,,,0.11363636363636363,0.09980771876604175,0.013828644870321885
classical,normal,0.1,424,,,0.12264150943396226,0.09980771876604175,0.022833790667920517
classical,normal,0.1,455,,,0.0967032967032967,0.09980771876604175,0.003104422062745041
classical,normal,0.1,488,,,0.09631147540983606,0.09980771876604175,0.003496243356205686
classical,normal,0.1,523,,,0.09751434034416825,0.09980771876604175,0.002293378421873493
classical,normal,0.1,560,,,0.08214285714285714,0.09980771876604175,0.017664861623184605
classical,normal,0.1,601,,,0.09816971713810316,0.09980771876604175,0.00163800162793859
classical,normal,0.1,644,,,0.08385093167701864,0.09980771876604175,0.01595678708902311
classical,normal,0.1,690,,,0.08985507246376812,0.09980771876604175,0.009952646302273632
classical,normal,0.1,740,,,0.0972972972972973,0.09980771876604175,0.002510421468744445
classical,normal,0.1,793,,,0.09962168978562422,0.09980771876604175,0.0001860289804175297
classical,normal,0.1,850,,,0.09647058823529411,0.09980771876604175,0.003337130530747634
classical,normal,0.1,911,,,0.09001097694840834,0.09980771876604175,0.009796741817633403
classical,normal,0.1,977,,,0.08085977482088025,0.09980771876604175,0.0189479439451615
classical,normal,0.1,1047,,,0.08787010506208214,0.09980771876604175,0.011937613703959613
classical,normal,0.1,1122,,,0.10160427807486631,0.09980771876604175,0.0017965593088245663
classical,normal,0.1,1203,,,0.11388196176226101,0.09980771876604175,0.01407424299621926
classical,normal,0.1,1289,,,0.09930178432893716,0.09980771876604175,0.0005059344371045882
classical,normal,0.1,1382,,,0.10709117221418235,0.09980771876604175,0.007283453448140603
classical,normal,0.1,1482,,,0.10121457489878542,0.09980771876604175,0.0014068561327436752
classical,normal,0.1,1588,,,0.10516372795969774,0.09980771876604175,0.005356009193655989
classical,normal,0.1,1702,,,0.10987074030552292,0.09980771876604175,0.010063021539481173
classical,normal,0.1,1825,,,0.10246575342465754,0.09980771876604175,0.0026580346586157905
classical,normal,0.1,1956,,,0.09253578732106339,0.09980771876604175,0.007271931444978355
classical,normal,0.1,2097,,,0.0977587029089175,0.09980771876604175,0.002049015857124248
classical,normal,0.1,2247,,,0.09078771695594126,0.09980771876604175,0.009020001810100486
classical,normal,0.1,2409,,,0.1012868410128684,0.09980771876604175,0.0014791222468266557
classical,normal,0.1,2582,,,0.0983733539891557,0.09980771876604175,0.001434364776886049
classical,normal,0.1,2768,,,0.09465317919075145,0.09980771876604175,0.005154539575290301
classical,normal,0.1,2967,,,0.09268621503201888,0.09980771876604175,0.0071215037340228715
classical,normal,0.1,3180,,,0.10345911949685535,0.09980771876604175,0.003651400730813603
classical,normal,0.1,3409,,,0.10882956878850103,0.09980771876604175,0.009021850022459282
classical,normal,0.1,3654,,,0.10071154898741105,0.09980771876604175,0.0009038302213693061
classical,normal,0.1,3917,,,0.10492724023487363,0.09980771876604175,0.005119521468831878
classical,normal,0.1,4198,,,0.10647927584564078,0.09980771876604175,0.00667155707959903
classical,normal,0.1,4500,,,0.10888888888888888,0.09980771876604175,0.009081170122847135
classical,normal,0.1,4824,,,0.09556384742951907,0.09980771876604175,0.004243871336522681
classical,normal,0.1,5170,,,0.10676982591876209,0.09980771876604175,0.006962107152720345
classical,normal,0.1,5542,,,0.09238542042583904,0.09980771876604175,0.007422298340202707
classical,normal,0.1,5941,,,0.10351792627503788,0.09980771876604175,0.00371020750899613
classical,normal,0.1,6368,,,0.10034547738693467,0.09980771876604175,0.0005377586208929197
classical,normal,0.1,6826,,,0.10196308233225901,0.09980771876604175,0.002155363566217261
classical,normal,0.1,7316,,,0.1014215418261345,0.09980771876604175,0.0016138230600927506
classical,normal,0.1,7842,,,0.09691405253761795,0.09980771876604175,0.002893666228423797
classical,normal,0.1,8406,,,0.10694741851058767,0.09980771876604175,0.007139699744545924
classical,normal,0.1,9011,,,0.09887914770835646,0.09980771876604175,0.0009285710576852901
classical,normal,0.1,9658,,,0.09929592048043073,0.09980771876604175,0.0005117982856110148
classical,normal,0.1,10353,,,0.09939148073022312,0.09980771876604175,0.0004162380358186252
classical,normal,0.1,11097,,,0.10092817878705956,0.09980771876604175,0.0011204600210178162
classical,normal,0.1,11895,,,0.10315258511979823,0.09980771876604175,0.0033448663537564843
classical,normal,0.1,12750,,,0.09662745098039216,0.09980771876604175,0.0031802677856495876
classical,normal,0.1,13667,,,0.10024145752542621,0.09980771876604175,0.00043373875938446105
classical,normal,0.1,14649,,,0.09946071404191413,0.09980771876604175,0.00034700472412761696
classical,normal,0.1,15702,,,0.10145204432556362,0.09980771876604175,0.0016443255595218753
classical,normal,0.1,16831,,,0.10082585704949201,0.09980771876604175,0.001018138283450265
classical,normal,0.1,18041,,,0.09572640097555568,0.09980771876604175,0.0040813177904860665
classical,normal,0.1,19338,,,0.09814872272210157,0.09980771876604175,0.0016589960439401807
classical,normal,0.1,20729,,,0.09976361618987892,0.09980771876604175,4.4102576162829976e-05
classical,normal,0.1,22219,,,0.09982447454880958,0.09980771876604175,1.6755782767829963e-05
classical,normal,0.1,23816,,,0.09917702384951294,0.09980771876604175,0.0006306949165288123
classical,normal,0.1,25529,,,0.10399937326178071,0.09980771876604175,0.004191654495738967
classical,normal,0.1,27364,,,0.0995833942406081,0.09980771876604175,0.0002243245254336529
classical,normal,0.1,29331,,,0.1010193992703965,0.09980771876604175,0.001211680504354759
classical,normal,0.1,31440,,,0.09786895674300254,0.09980771876604175,0.001938762023039206
classical,normal,0.1,33700,,,0.10112759643916915,0.09980771876604175,0.0013198776731273981
classical,normal,0.1,36123,,,0.10096060681560225,0.09980771876604175,0.0011528880495604993
classical,normal,0.1,38720,,,0.10056818181818182,0.09980771876604175,0.0007604630521400729
classical,normal,0.1,41504,,,0.09789417887432536,0.09980771876604175,0.001913539891716387
classical,normal,0.1,44487,,,0.09809607301009284,0.09980771876604175,0.0017116457559489123
classical,normal,0.1,47686,,,0.09793230717611039,0.09980771876604175,0.0018754115899313611
classical,normal,0.1,51114,,,0.1008334311538913,0.09980771876604175,0.001025712387849556
classical,normal,0.1,54789,,,0.10051287667232474,0.09980771876604175,0.000705157906282991
classical,normal,0.1,58727,,,0.09947724215437533,0.09980771876604175,0.00033047661166642206
classical,normal,0.1,62949,,,0.09807939760758709,0.09980771876604175,0.001728321158454657
classical,normal,0.1,67475,,,0.1007336050389033,0.09980771876604175,0.0009258862728615536
classical,normal,0.1,72326,,,0.09938334762049608,0.09980771876604175,0.0004243711455456656
classical,normal,0.1,77525,,,0.0999419542083199,0.09980771876604175,0.00013423544227815498
classical,normal,0.1,83099,,,0.1010842489079291,0.09980771876604175,0.001276530141887347
classical,normal,0.1,89073,,,0.09941284115276235,0.09980771876604175,0.0003948776132794013
classical,normal,0.1,95477,,,0.09999266839134033,0.09980771876604175,0.0001849496252985805
classical,normal,0.1,102341,,,0.10121065848486921,0.09980771876604175,0.0014029397188274617
classical,normal,0.1,109698,,,0.10084048934347026,0.09980771876604175,0.00103277057742851
classical,normal,0.1,117584,,,0.0986103551503606,0.09980771876604175,0.0011973636156811518
classical,normal,0.1,126038,,,0.09993017978704835,0.09980771876604175,0.0001224610210066035
classical,normal,0.1,135099,,,0.1002968193694994,0.09980771876604175,0.0004891006034576512
classical,normal,0.1,144811,,,0.10042054816277769,0.09980771876604175,0.0006128293967359449
classical,normal,0.1,155222,,,0.1004303513677185,0.09980771876604175,0.0006226326016767481
classical,normal,0.1,166381,,,0.09963878087041189,0.09980771876604175,0.00016893789562985595
classical,normal,0.1,178343,,,0.10028989082834762,0.09980771876604175,0.00048217206230587173
classical,normal,0.1,191164,,,0.10017576531146032,0.09980771876604175,0.0003680465454185683
classical,normal,0.1,204907,,,0.1009433547902219,0.09980771876604175,0.0011356360241801533
classical,normal,0.1,219638,,,0.09938626285069069,0.09980771876604175,0.00042145591535106
classical,normal,0.1,235428,,,0.09830606384966954,0.09980771876604175,0.0015016549163722054
classical,normal,0.1,252353,,,0.10020487174711615,0.09980771876604175,0.0003971529810744001
classical,normal,0.1,270495,,,0.10014972550324405,0.09980771876604175,0.000342006737202305
classical,normal,0.1,289942,,,0.10004069779473136,0.09980771876604175,0.0002329790286896144
classical,normal,0.1,310786,,,0.10013321063368363,0.09980771876604175,0.0003254918676418861
classical,normal,0.1,333129,,,0.09976015297377293,0.09980771876604175,4.756579226881941e-05
classical,normal,0.1,357078,,,0.09936764516436185,0.09980771876604175,0.0004400736016798995
classical,normal,0.1,382749,,,0.09965800041280316,0.09980771876604175,0.0001497183532385843
classical,normal,0.1,410265,,,0.10014746566243769,0.09980771876604175,0.00033974689639594546
classical,normal,0.1,439760,,,0.10013416408950336,0.09980771876604175,0.00032644532346161326
classical,normal,0.1,471375,,,0.09996923892866613,0.09980771876604175,0.0001615201626243845
classical,normal,0.1,505263,,,0.09961346862920895,0.09980771876604175,0.000194250136832802
classical,normal,0.1,541587,,,0.10016488578935609,0.09980771876604175,0.000357167023314342
classical,normal,0.1,580522,,,0.09996348114283352,0.09980771876604175,0.0001557623767917682
classical,normal,0.1,622257,,,0.09950390272829393,0.09980771876604175,0.0003038160377478172
classical,normal,0.1,666991,,,0.10038516261838616,0.09980771876604175,0.0005774438523444142
classical,normal,0.1,714942,,,0.099090555597517,0.09980771876604175,0.0007171631685247426
classical,normal,0.1,766341,,,0.09945181061694468,0.09980771876604175,0.00035590814909707
classical,normal,0.1,821434,,,0.10007012127572026,0.09980771876604175,0.0002624025096785165
classical,normal,0.1,880488,,,0.10004679223339784,0.09980771876604175,0.0002390734673560907
classical,normal,0.1,943787,,,0.09969304514683927,0.09980771876604175,0.00011467361920247665
classical,normal,0.1,1011637,,,0.09984016005741189,0.09980771876604175,3.24412913701444e-05
classical,normal,0.1,1084365,,,0.09971919049397573,0.09980771876604175,8.852827206601299e-05
classical,normal,0.1,1162322,,,0.0994242559290799,0.09980771876604175,0.00038346283696184813
classical,normal,0.1,1245883,,,0.09963295108770245,0.09980771876604175,0.00017476767833929374
classical,normal,0.1,1335451,,,0.09995649409824846,0.09980771876604175,0.00014877533220671035
classical,normal,0.1,1431458,,,0.09944057038348314,0.09980771876604175,0.0003671483825586075
classical,normal,0.1,1534368,,,0.09957911009614381,0.09980771876604175,0.00022860866989793394
classical,normal,0.1,1644676,,,0.09973149726754692,0.09980771876604175,7.622149849483006e-05
classical,normal,0.1,1762914,,,0.09976380016268518,0.09980771876604175,4.391860335656306e-05
classical,normal,0.1,1889652,,,0.09993056922650308,0.09980771876604175,0.00012285046046132952
classical,normal,0.1,2025501,,,0.09957536431727261,0.09980771876604175,0.00023235444876913702
classical,normal,0.1,2171117,,,0.09971871621842582,0.09980771876604175,8.900254761592952e-05
classical,normal,0.1,2327202,,,0.09978463407989509,0.09980771876604175,2.3084686146659927e-05
classical,normal,0.1,2494508,,,0.0996509131259551,0.09980771876604175,0.00015680564008664633
classical,normal,0.1,2673841,,,0.10001118241510995,0.09980771876604175,0.0002034636490682029
classical,normal,0.1,2866067,,,0.09977296413517199,0.09980771876604175,3.4754630869757164e-05
classical,normal,0.1,3072112,,,0.09990521178915351,0.09980771876604175,9.749302311176655e-05
classical,normal,0.1,3292971,,,0.0999131179715825,0.09980771876604175,0.0001053992055407571
classical,normal,0.1,3529707,,,0.09973462386538033,0.09980771876604175,7.309490066141622e-05
classical,normal,0.1,3783462,,,0.09988761615684259,0.09980771876604175,7.989739080084546e-05
classical,normal,0.1,4055460,,,0.09975637782150483,0.09980771876604175,5.134094453691784e-05
classical,normal,0.1,4347013,,,0.09975976607385346,0.09980771876604175,4.79526921882828e-05
classical,normal,0.1,4659525,,,0.0998254113884999,0.09980771876604175,1.7692622458154172e-05
classical,normal,0.1,4994505,,,0.09999249174843153,0.09980771876604175,0.00018477298238978035
classical,normal,0.1,5353566,,,0.09971278956867255,0.09980771876604175,9.492919736919792e-05
classical,normal,0.1,5738441,,,0.09983512943672332,0.09980771876604175,2.7410670681571325e-05
classical,normal,0.1,6150985,,,0.09996398950737158,0.09980771876604175,0.00015627074132983088
classical,normal,0.1,6593188,,,0.09979390850071317,0.09980771876604175,1.3810265328581539e-05
classical,normal,0.1,7067181,,,0.09986697666297212,0.09980771876604175,5.925789693037031e-05
classical,normal,0.1,7575250,,,0.09991459027754859,0.09980771876604175,0.00010687151150684526
classical,normal,0.1,8119844,,,0.09978627668216286,0.09980771876604175,2.1442083878886464e-05
classical,normal,0.1,8703591,,,0.0999743669021212,0.09980771876604175,0.0001666481360794586
classical,normal,0.1,9329304,,,0.09983124143022888,0.09980771876604175,2.352266418713389e-05
classical,normal,0.1,10000000,,,0.0998135,0.09980771876604175,5.781233958251919e-06
quantum,normal,0.05,102400,0.0031622776601683794,0.05,0.049414846624095385,0.04943796937981328,2.3122755717898402e-05
quantum,normal,0.05,6144,0.0031622776601683794,0.1,0.05040776389503748,0.04943796937981328,0.0009697945152241996
quantum,normal,0.05,5120,0.004393970560760791,0.05,0.050240774694608296,0.04943796937981328,0.0008028053147950132
quantum,normal,0.05,6144,0.004393970560760791,0.1,0.05040776389503748,0.04943796937981328,0.0009697945152241996
quantum,normal,0.05,5120,0.006105402296585327,0.05,0.050240774694608296,0.04943796937981328,0.0008028053147950132
quantum,normal,0.05,6144,0.006105402296585327,0.1,0.05040776389503748,0.04943796937981328,0.0009697945152241996
quantum,normal,0.05,6144,0.008483428982440717,0.05,0.05040244151198374,0.04943796937981328,0.0009644721321704561
quantum,normal,0.05,6144,0.008483428982440717,0.1,0.05040902088729308,0.04943796937981328,0.0009710515074797949
quantum,normal,0.05,6144,0.011787686347935873,0.05,0.05040244151198374,0.04943796937981328,0.0009644721321704561
quantum,normal,0.05,6144,0.011787686347935873,0.1,0.05040902088729308,0.04943796937981328,0.0009710515074797949
quantum,normal,0.05,6144,0.016378937069540637,0.05,0.05040391583851389,0.04943796937981328,0.0009659464587006075
quantum,normal,0.05,6144,0.016378937069540637,0.1,0.05041046508031963,0.04943796937981328,0.0009724957005063442
quantum,normal,0.05,6144,0.022758459260747887,0.05,0.05040391583851389,0.04943796937981328,0.0009659464587006075
quantum,normal,0.05,6144,0.022758459260747887,0.1,0.05041046508031963,0.04943796937981328,0.0009724957005063442
quantum,normal,0.05,6144,0.03162277660168379,0.05,0.050405651724815696,0.04943796937981328,0.000967682345002413
quantum,normal,0.05,6144,0.03162277660168379,0.1,0.050412163053185736,0.04943796937981328,0.0009741936733724532
quantum,normal,0.05,200,0.043939705607607904,0.05,0.040316270095104294,0.04943796937981328,0.00912169928470899
quantum,normal,0.05,200,0.043939705607607904,0.1,0.039942364762624444,0.04943796937981328,0.00949560461718884
quantum,normal,0.05,200,0.061054022965853265,0.05,0.040195246341273944,0.04943796937981328,0.00924272303853934
quantum,normal,0.05,200,0.061054022965853265,0.1,0.039823421472179585,0.04943796937981328,0.009614547907633698
quantum,normal,0.05,200,0.08483428982440717,0.05,0.040195246341273944,0.04943796937981328,0.00924272303853934
quantum,normal,0.05,200,0.08483428982440717,0.1,0.039823421472179585,0.04943796937981328,0.009614547907633698
quantum,normal,0.05,200,0.11787686347935872,0.05,0.04004010754609316,0.04943796937981328,0.009397861833720121
quantum,normal,0.05,200,0.11787686347935872,0.1,0.03967133012024148,0.04943796937981328,0.009766639259571802
quantum,normal,0.05,200,0.1637893706954064,0.05,0.04004010754609316,0.04943796937981328,0.009397861833720121
quantum,normal,0.05,200,0.1637893706954064,0.1,0.03967133012024148,0.04943796937981328,0.009766639259571802
quantum,normal,0.05,200,0.22758459260747876,0.05,0.039823421472179585,0.04943796937981328,0.009614547907633698
quantum,normal,0.05,200,0.22758459260747876,0.1,0.03945980566368956,0.04943796937981328,0.009978163716123721
quantum,normal,0.05,200,0.31622776601683794,0.05,0.039823421472179585,0.04943796937981328,0.009614547907633698
quantum,normal,0.05,200,0.31622776601683794,0.1,0.03945980566368956,0.04943796937981328,0.009978163716123721
quantum,normal,0.1,116736,0.0031622776601683794,0.05,0.09972711733025792,0.09980771876604175,8.060143578382528e-05
quantum,normal,0.1,6144,0.0031622776601683794,0.1,0.10016427245780664,0.09980771876604175,0.00035655369176489093
quantum,normal,0.1,6144,0.004393970560760791,0.05,0.10016305658094046,0.09980771876604175,0.0003553378148987152
quantum,normal,0.1,6144,0.004393970560760791,0.1,0.10016427245780664,0.09980771876604175,0.00035655369176489093
quantum,normal,0.1,6144,0.006105402296585327,0.05,0.10016305658094046,0.09980771876604175,0.0003553378148987152
quantum,normal,0.1,6144,0.006105402296585327,0.1,0.10016427245780664,0.09980771876604175,0.00035655369176489093
quantum,normal,0.1,6144,0.008483428982440717,0.05,0.10016329255394048,0.09980771876604175,0.0003555737878987303
quantum,normal,0.1,6144,0.008483428982440717,0.1,0.10016450389200036,0.09980771876604175,0.0003567851259586169
quantum,normal,0.1,6144,0.011787686347935873,0.05,0.10016329255394048,0.09980771876604175,0.0003555737878987303
quantum,normal,0.1,6144,0.011787686347935873,0.1,0.10016450389200036,0.09980771876604175,0.0003567851259586169
quantum,normal,0.1,6144,0.016378937069540637,0.05,0.10016356398141894,0.09980771876604175,0.0003558452153771957
quantum,normal,0.1,6144,0.016378937069540637,0.1,0.10016476979219455,0.09980771876604175,0.00035705102615279927
quantum,normal,0.1,6144,0.022758459260747887,0.05,0.10016356398141894,0.09980771876604175,0.0003558452153771957
quantum,normal,0.1,6144,0.022758459260747887,0.1,0.10016476979219455,0.09980771876604175,0.00035705102615279927
quantum,normal,0.1,6144,0.03162277660168379,0.05,0.10016388357496549,0.09980771876604175,0.0003561648089237396
quantum,normal,0.1,6144,0.03162277660168379,0.1,0.10016508241136138,0.09980771876604175,0.0003573636453196305
quantum,normal,0.1,200,0.043939705607607904,0.05,0.09082747115484092,0.09980771876604175,0.008980247611200823
quantum,normal,0.1,200,0.043939705607607904,0.1,0.09049649121556828,0.09980771876604175,0.009311227550473464
quantum,normal,0.1,200,0.061054022965853265,0.05,0.09072029788348564,0.09980771876604175,0.00908742088255611
quantum,normal,0.1,200,0.061054022965853265,0.1,0.0903912919725118,0.09980771876604175,0.009416426793529942
quantum,normal,0.1,200,0.08483428982440717,0.05,0.09072029788348564,0.09980771876604175,0.00908742088255611
quantum,normal,0.1,200,0.08483428982440717,0.1,0.0903912919725118,0.09980771876604175,0.009416426793529942
quantum,normal,0.1,200,0.11787686347935872,0.05,0.09058297353149905,0.09980771876604175,0.009224745234542697
quantum,normal,0.1,200,0.11787686347935872,0.1,0.0902568463057758,0.09980771876604175,0.009550872460265952
quantum,normal,0.1,200,0.1637893706954064,0.05,0.09058297353149905,0.09980771876604175,0.009224745234542697
quantum,normal,0.1,200,0.1637893706954064,0.1,0.0902568463057758,0.09980771876604175,0.009550872460265952
quantum,normal,0.1,200,0.22758459260747876,0.05,0.0903912919725118,0.09980771876604175,0.009416426793529942
quantum,normal,0.1,200,0.22758459260747876,0.1,0.09007001309858462,0.09980771876604175,0.00973770566745713
quantum,normal,0.1,200,0.31622776601683794,0.05,0.0903912919725118,0.09980771876604175,0.009416426793529942
quantum,normal,0.1,200,0.31622776601683794,0.1,0.09007001309858462,0.09980771876604175,0.00973770566745713
quantum,normal,0.05,102400,0.0031622776601683794,0.05,0.049414846624095385,0.04943796937981328,2.3122755717898402e-05
quantum,normal,0.05,102400,0.0034738921120831155,0.05,0.049414846624095385,0.04943796937981328,2.3122755717898402e-05
quantum,normal,0.05,102400,0.0038162134079493567,0.05,0.049414846624095385,0.04943796937981328,2.3122755717898402e-05
quantum,normal,0.05,5120,0.004192267435236918,0.05,0.050240774694608296,0.04943796937981328,0.0008028053147950132
quantum,normal,0.05,5120,0.0046053782558224165,0.05,0.050240774694608296,0.04943796937981328,0.0008028053147950132
quantum,normal,0.05,5120,0.005059197488435823,0.05,0.050240774694608296,0.04943796937981328,0.0008028053147950132
quantum,normal,0.05,5120,0.005557736586486875,0.05,0.050240774694608296,0.04943796937981328,0.0008028053147950132
quantum,normal,0.05,5120,0.006105402296585327,0.05,0.050240774694608296,0.04943796937981328,0.0008028053147950132
quantum,normal,0.05,6144,0.006707035611184306,0.05,0.05040244151198374,0.04943796937981328,0.0009644721321704561
quantum,normal,0.05,6144,0.007367954559661629,0.05,0.05040244151198374,0.04943796937981328,0.0009644721321704561
quantum,normal,0.05,6144,0.008094001216083124,0.05,0.05040244151198374,0.04943796937981328,0.0009644721321704561
quantum,normal,0.05,6144,0.00889159333916464,0.05,0.05040244151198374,0.04943796937981328,0.0009644721321704561
quantum,normal,0.05,6144,0.009767781100894893,0.05,0.05040244151198374,0.04943796937981328,0.0009644721321704561
quantum,normal,0.05,6144,0.010730309405261559,0.05,0.05040244151198374,0.04943796937981328,0.0009644721321704561
quantum,normal,0.05,6144,0.011787686347935873,0.05,0.05040244151198374,0.04943796937981328,0.0009644721321704561
quantum,normal,0.05,6144,0.012949258422052618,0.05,0.05040391583851389,0.04943796937981328,0.0009659464587006075
quantum,normal,0.05,6144,0.01422529313485369,0.05,0.05040391583851389,0.04943796937981328,0.0009659464587006075
quantum,normal,0.05,6144,0.015627069765469948,0.05,0.05040391583851389,0.04943796937981328,0.0009659464587006075
quantum,normal,0.05,6144,0.017166979066078603,0.05,0.05040391583851389,0.04943796937981328,0.0009659464587006075
quantum,normal,0.05,6144,0.018858632787726495,0.05,0.05040391583851389,0.04943796937981328,0.0009659464587006075
quantum,normal,0.05,6144,0.020716983998953078,0.05,0.05040391583851389,0.04943796937981328,0.0009659464587006075
quantum,normal,0.05,6144,0.022758459260747887,0.05,0.05040391583851389,0.04943796937981328,0.0009659464587006075
quantum,normal,0.05,6144,0.025001103826179295,0.05,0.050405651724815696,0.04943796937981328,0.000967682345002413
quantum,normal,0.05,6144,0.027464741148160516,0.05,0.050405651724815696,0.04943796937981328,0.000967682345002413
quantum,normal,0.05,6144,0.03017114810529294,0.05,0.050405651724815696,0.04943796937981328,0.000967682345002413
quantum,normal,0.05,6144,0.03314424749466426,0.05,0.050405651724815696,0.04943796937981328,0.000967682345002413
quantum,normal,0.05,6144,0.03641031949310673,0.05,0.050405651724815696,0.04943796937981328,0.000967682345002413
quantum,normal,0.05,6144,0.03999823395608933,0.05,0.050405651724815696,0.04943796937981328,0.000967682345002413
quantum,normal,0.05,200,0.043939705607607904,0.05,0.040316270095104294,0.04943796937981328,0.00912169928470899
quantum,normal,0.05,200,0.04826957437677871,0.05,0.040316270095104294,0.04943796937981328,0.00912169928470899
quantum,normal,0.05,200,0.053026113359119845,0.05,0.040195246341273944,0.04943796937981328,0.00924272303853934
quantum,normal,0.05,200,0.058251367124689236,0.05,0.040195246341273944,0.04943796937981328,0.00924272303853934
quantum,normal,0.05,200,0.06399152336349263,0.05,0.040195246341273944,0.04943796937981328,0.00924272303853934
quantum,normal,0.05,200,0.07029732115325472,0.05,0.040195246341273944,0.04943796937981328,0.00924272303853934
quantum,normal,0.05,200,0.07722449945836259,0.05,0.040195246341273944,0.04943796937981328,0.00924272303853934
quantum,normal,0.05,200,0.08483428982440717,0.05,0.040195246341273944,0.04943796937981328,0.00924272303853934
quantum,normal,0.05,200,0.09319395762340775,0.05,0.040195246341273944,0.04943796937981328,0.00924272303853934
quantum,normal,0.05,200,0.1,0.05,0.04004010754609316,0.04943796937981328,0.009397861833720121
quantum,normal,0.05,200,0.1,0.05,0.04004010754609316,0.04943796937981328,0.009397861833720121
quantum,normal,0.05,200,0.1,0.05,0.04004010754609316,0.04943796937981328,0.009397861833720121
quantum,normal,0.05,200,0.1,0.05,0.04004010754609316,0.04943796937981328,0.009397861833720121
quantum,normal,0.05,200,0.1,0.05,0.04004010754609316,0.04943796937981328,0.009397861833720121
quantum,normal,0.05,200,0.1,0.05,0.04004010754609316,0.04943796937981328,0.009397861833720121
quantum,normal,0.05,200,0.1,0.05,0.04004010754609316,0.04943796937981328,0.009397861833720121
quantum,normal,0.05,200,0.1,0.05,0.04004010754609316,0.04943796937981328,0.009397861833720121
quantum,normal,0.05,200,0.1,0.05,0.04004010754609316,0.04943796937981328,0.009397861833720121
quantum,normal,0.05,200,0.1,0.05,0.04004010754609316,0.04943796937981328,0.009397861833720121
quantum,normal,0.05,200,0.1,0.05,0.04004010754609316,0.04943796937981328,0.009397861833720121
quantum,normal,0.05,200,0.1,0.05,0.04004010754609316,0.04943796937981328,0.009397861833720121
quantum,normal,0.05,200,0.1,0.05,0.04004010754609316,0.04943796937981328,0.009397861833720121
quantum,normal,0.1,116736,0.0031622776601683794,0.05,0.09972711733025792,0.09980771876604175,8.060143578382528e-05
quantum,normal,0.1,6144,0.0034738921120831155,0.05,0.10016305658094046,0.09980771876604175,0.0003553378148987152
quantum,normal,0.1,6144,0.0038162134079493567,0.05,0.10016305658094046,0.09980771876604175,0.0003553378148987152
quantum,normal,0.1,6144,0.004192267435236918,0.05,0.10016305658094046,0.09980771876604175,0.0003553378148987152
quantum,normal,0.1,6144,0.0046053782558224165,0.05,0.10016305658094046,0.09980771876604175,0.0003553378148987152
quantum,normal,0.1,6144,0.005059197488435823,0.05,0.10016305658094046,0.09980771876604175,0.0003553378148987152
quantum,normal,0.1,6144,0.005557736586486875,0.05,0.10016305658094046,0.09980771876604175,0.0003553378148987152
quantum,normal,0.1,6144,0.006105402296585327,0.05,0.10016305658094046,0.09980771876604175,0.0003553378148987152
quantum,normal,0.1,6144,0.006707035611184306,0.05,0.10016329255394048,0.09980771876604175,0.0003555737878987303
quantum,normal,0.1,6144,0.007367954559661629,0.05,0.10016329255394048,0.09980771876604175,0.0003555737878987303
quantum,normal,0.1,6144,0.008094001216083124,0.05,0.10016329255394048,0.09980771876604175,0.0003555737878987303
quantum,normal,0.1,6144,0.00889159333916464,0.05,0.10016329255394048,0.09980771876604175,0.0003555737878987303
quantum,normal,0.1,6144,0.009767781100894893,0.05,0.10016329255394048,0.09980771876604175,0.0003555737878987303
quantum,normal,0.1,6144,0.010730309405261559,0.05,0.10016329255394048,0.09980771876604175,0.0003555737878987303
quantum,normal,0.1,6144,0.011787686347935873,0.05,0.10016329255394048,0.09980771876604175,0.0003555737878987303
quantum,normal,0.1,6144,0.012949258422052618,0.05,0.10016356398141894,0.09980771876604175,0.0003558452153771957
quantum,normal,0.1,6144,0.01422529313485369,0.05,0.10016356398141894,0.09980771876604175,0.0003558452153771957
quantum,normal,0.1,6144,0.015627069765469948,0.05,0.10016356398141894,0.09980771876604175,0.0003558452153771957
quantum,normal,0.1,6144,0.017166979066078603,0.05,0.10016356398141894,0.09980771876604175,0.0003558452153771957
quantum,normal,0.1,6144,0.018858632787726495,0.05,0.10016356398141894,0.09980771876604175,0.0003558452153771957
quantum,normal,0.1,6144,0.020716983998953078,0.05,0.10016356398141894,0.09980771876604175,0.0003558452153771957
quantum,normal,0.1,6144,0.022758459260747887,0.05,0.10016356398141894,0.09980771876604175,0.0003558452153771957
quantum,normal,0.1,6144,0.025001103826179295,0.05,0.10016388357496549,0.09980771876604175,0.0003561648089237396
quantum,normal,0.1,6144,0.027464741148160516,0.05,0.10016388357496549,0.09980771876604175,0.0003561648089237396
quantum,normal,0.1,6144,0.03017114810529294,0.05,0.10016388357496549,0.09980771876604175,0.0003561648089237396
quantum,normal,0.1,6144,0.03314424749466426,0.05,0.10016388357496549,0.09980771876604175,0.0003561648089237396
quantum,normal,0.1,6144,0.03641031949310673,0.05,0.10016388357496549,0.09980771876604175,0.0003561648089237396
quantum,normal,0.1,6144,0.03999823395608933,0.05,0.10016388357496549,0.09980771876604175,0.0003561648089237396
quantum,normal,0.1,200,0.043939705607607904,0.05,0.09082747115484092,0.09980771876604175,0.008980247611200823
quantum,normal,0.1,200,0.04826957437677871,0.05,0.09082747115484092,0.09980771876604175,0.008980247611200823
quantum,normal,0.1,200,0.053026113359119845,0.05,0.09072029788348564,0.09980771876604175,0.00908742088255611
quantum,normal,0.1,200,0.058251367124689236,0.05,0.09072029788348564,0.09980771876604175,0.00908742088255611
quantum,normal,0.1,200,0.06399152336349263,0.05,0.09072029788348564,0.09980771876604175,0.00908742088255611
quantum,normal,0.1,200,0.07029732115325472,0.05,0.09072029788348564,0.09980771876604175,0.00908742088255611
quantum,normal,0.1,200,0.07722449945836259,0.05,0.09072029788348564,0.09980771876604175,0.00908742088255611
quantum,normal,0.1,200,0.08483428982440717,0.05,0.09072029788348564,0.09980771876604175,0.00908742088255611
quantum,normal,0.1,200,0.09319395762340775,0.05,0.09072029788348564,0.09980771876604175,0.00908742088255611
quantum,normal,0.1,200,0.1,0.05,0.09058297353149905,0.09980771876604175,0.009224745234542697
quantum,normal,0.1,200,0.1,0.05,0.09058297353149905,0.09980771876604175,0.009224745234542697
quantum,normal,0.1,200,0.1,0.05,0.09058297353149905,0.09980771876604175,0.009224745234542697
quantum,normal,0.1,200,0.1,0.05,0.09058297353149905,0.09980771876604175,0.009224745234542697
quantum,normal,0.1,200,0.1,0.05,0.09058297353149905,0.09980771876604175,0.009224745234542697
quantum,normal,0.1,200,0.1,0.05,0.09058297353149905,0.09980771876604175,0.009224745234542697
quantum,normal,0.1,200,0.1,0.05,0.09058297353149905,0.09980771876604175,0.009224745234542697
quantum,normal,0.1,200,0.1,0.05,0.09058297353149905,0.09980771876604175,0.009224745234542697
quantum,normal,0.1,200,0.1,0.05,0.09058297353149905,0.09980771876604175,0.009224745234542697
quantum,normal,0.1,200,0.1,0.05,0.09058297353149905,0.09980771876604175,0.009224745234542697
quantum,normal,0.1,200,0.1,0.05,0.09058297353149905,0.09980771876604175,0.009224745234542697
quantum,normal,0.1,200,0.1,0.05,0.09058297353149905,0.09980771876604175,0.009224745234542697
quantum,normal,0.1,200,0.1,0.05,0.09058297353149905,0.09980771876604175,0.009224745234542697
