num_samples,var_estimate,error,scaled_error,inv_error_sq,theoretical_var,confidence_level,mu,sigma,T,dist,df,skew_alpha,rho
10,1.6632438043097357,0.3617172467166134,1.1438503685895607,7.642959655019546,1.3015265575931223,0.95,0.15,0.2,5,skewnorm,3,7.0,0.6
11,1.408859866408943,0.1073333088158206,0.3559843128494224,86.80224636042186,1.3015265575931223,0.95,0.15,0.2,5,skewnorm,3,7.0,0.6
12,1.5458290442512668,0.24430248665814447,0.846288638614648,16.754992006811623,1.3015265575931223,0.95,0.15,0.2,5,skewnorm,3,7.0,0.6
13,1.3896548533428865,0.08812829574976422,0.31775108914503003,128.7565278415188,1.3015265575931223,0.95,0.15,0.2,5,skewnorm,3,7.0,0.6
14,1.1651586415524828,0.13636791604063947,0.5102420203724273,53.774402381070736,1.3015265575931223,0.95,0.15,0.2,5,skewnorm,3,7.0,0.6
15,1.3810587390366318,0.07953218144350949,0.3080268142182588,158.09357149733293,1.3015265575931223,0.95,0.15,0.2,5,skewnorm,3,7.0,0.6
16,1.5248415405048337,0.22331498291171137,0.8932599316468455,20.052303790397445,1.3015265575931223,0.95,0.15,0.2,5,skewnorm,3,7.0,0.6
17,1.579509583022576,0.27798302542945375,1.146153375974398,12.940869137186224,1.3015265575931223,0.95,0.15,0.2,5,skewnorm,3,7.0,0.6
18,1.0380251434932495,0.2635014140998728,1.1179418205735876,14.402374500041908,1.3015265575931223,0.95,0.15,0.2,5,skewnorm,3,7.0,0.6
19,1.2723170433196365,0.029209514273485837,0.12732132090803366,1172.064008013043,1.3015265575931223,0.95,0.15,0.2,5,skewnorm,3,7.0,0.6
20,1.437195001802392,0.1356684442092697,0.6067277273071295,54.330325951872176,1.3015265575931223,0.95,0.15,0.2,5,skewnorm,3,7.0,0.6
21,1.4136397728124472,0.11211321521932494,0.5137672951474316,79.55846308854593,1.3015265575931223,0.95,0.15,0.2,5,skewnorm,3,7.0,0.6
22,1.3314605704695188,0.02993401287639652,0.14040296575020772,1116.0152206588066,1.3015265575931223,0.95,0.15,0.2,5,skewnorm,3,7.0,0.6
24,1.250649189820066,0.05087736777305629,0.2492471809998176,386.32314815459415,1.3015265575931223,0.95,0.15,0.2,5,skewnorm,3,7.0,0.6
25,1.5237593069732438,0.2222327493801215,1.1111637469006075,20.248081561794923,1.3015265575931223,0.95,0.15,0.2,5,skewnorm,3,7.0,0.6
27,1.2355310033532398,0.06599555423988246,0.34292295905143216,229.59934196898396,1.3015265575931223,0.95,0.15,0.2,5,skewnorm,3,7.0,0.6
28,1.267740578768526,0.03378597882459622,0.1787785955415519,876.0461572432869,1.3015265575931223,0.95,0.15,0.2,5,skewnorm,3,7.0,0.6
30,1.4871699445621474,0.18564338696902505,1.0168107069459562,29.01623322933126,1.3015265575931223,0.95,0.15,0.2,5,skewnorm,3,7.0,0.6
32,1.468649658736408,0.16712310114328566,0.9453910248907405,35.8036273550032,1.3015265575931223,0.95,0.15,0.2,5,skewnorm,3,7.0,0.6
33,1.3239422817976643,0.022415724204541965,0.12876853196051014,1990.1895928003576,1.3015265575931223,0.95,0.15,0.2,5,skewnorm,3,7.0,0.6
35,1.3839582064697586,0.08243164887663634,0.48767221140663447,147.16753842957039,1.3015265575931223,0.95,0.15,0.2,5,skewnorm,3,7.0,0.6
37,1.4040889128187033,0.10256235522558099,0.6238624513852998,95.06573915695589,1.3015265575931223,0.95,0.15,0.2,5,skewnorm,3,7.0,0.6
40,1.1677700928054786,0.1337564647876437,0.8459501610021283,55.89467515620507,1.3015265575931223,0.95,0.15,0.2,5,skewnorm,3,7.0,0.6
42,1.4506453296851194,0.1491187720919971,0.9664000951932118,44.971291741244244,1.3015265575931223,0.95,0.15,0.2,5,skewnorm,3,7.0,0.6
44,1.2208559289399432,0.08067062865317909,0.5351084136893768,153.66293261207906,1.3015265575931223,0.95,0.15,0.2,5,skewnorm,3,7.0,0.6
47,1.2776590124345197,0.023867545158602566,0.16362764576685335,1755.4339531372236,1.3015265575931223,0.95,0.15,0.2,5,skewnorm,3,7.0,0.6
49,1.3816286112482374,0.08010205365511514,0.560714375585806,155.85211442791945,1.3015265575931223,0.95,0.15,0.2,5,skewnorm,3,7.0,0.6
52,1.3786123505104855,0.07708579291736317,0.5558735579467035,168.2872881251426,1.3015265575931223,0.95,0.15,0.2,5,skewnorm,3,7.0,0.6
55,1.366048356513096,0.06452179891997378,0.47850646753500015,240.20777765980213,1.3015265575931223,0.95,0.15,0.2,5,skewnorm,3,7.0,0.6
59,1.351290179382684,0.04976362178956162,0.3822416319074328,403.809041264426,1.3015265575931223,0.95,0.15,0.2,5,skewnorm,3,7.0,0.6
62,1.2155368478218747,0.08598970977124765,0.6770836518227944,135.24058282901146,1.3015265575931223,0.95,0.15,0.2,5,skewnorm,3,7.0,0.6
65,1.2928231297006,0.008703427892522209,0.07016927896324489,13201.37989455828,1.3015265575931223,0.95,0.15,0.2,5,skewnorm,3,7.0,0.6
69,1.3590589777785558,0.057532420185433475,0.4779001744037512,302.1166863879736,1.3015265575931223,0.95,0.15,0.2,5,skewnorm,3,7.0,0.6
73,1.3582942076673121,0.056767650074189824,0.4850230148467528,310.3117113931099,1.3015265575931223,0.95,0.15,0.2,5,skewnorm,3,7.0,0.6
77,1.3418737665882357,0.04034720899511335,0.3540453220627867,614.2893757233111,1.3015265575931223,0.95,0.15,0.2,5,skewnorm,3,7.0,0.6
82,1.4025598229611003,0.10103326536797796,0.9148951296706814,97.96506275201948,1.3015265575931223,0.95,0.15,0.2,5,skewnorm,3,7.0,0.6
87,1.2381595318404468,0.0633670257526755,0.591048268662045,249.04243478068972,1.3015265575931223,0.95,0.15,0.2,5,skewnorm,3,7.0,0.6
92,1.2366215113511867,0.0649050462419356,0.6225473335782891,237.37942452870894,1.3015265575931223,0.95,0.15,0.2,5,skewnorm,3,7.0,0.6
97,1.2741679219221984,0.027358635670923892,0.26945131237407594,1336.0143654216106,1.3015265575931223,0.95,0.15,0.2,5,skewnorm,3,7.0,0.6
102,1.3111779334852098,0.009651375892087533,0.09747411848412674,10735.481779304355,1.3015265575931223,0.95,0.15,0.2,5,skewnorm,3,7.0,0.6
108,1.3768125747906814,0.07528601719755912,0.7823952413140599,176.42956154983693,1.3015265575931223,0.95,0.15,0.2,5,skewnorm,3,7.0,0.6
114,1.3955144232928278,0.09398786569970552,1.0035157968171655,113.2026059984138,1.3015265575931223,0.95,0.15,0.2,5,skewnorm,3,7.0,0.6
121,1.3973890857341305,0.09586252814100815,1.0544878095510897,108.81837681084087,1.3015265575931223,0.95,0.15,0.2,5,skewnorm,3,7.0,0.6
128,1.2378418538116982,0.0636847037814241,0.7205101744272248,246.564037933233,1.3015265575931223,0.95,0.15,0.2,5,skewnorm,3,7.0,0.6
135,1.3594920934776298,0.05796553588450748,0.6734986654040576,297.6187508525737,1.3015265575931223,0.95,0.15,0.2,5,skewnorm,3,7.0,0.6
143,1.2952432508257752,0.006283306767347119,0.0751374206528304,25329.316619786663,1.3015265575931223,0.95,0.15,0.2,5,skewnorm,3,7.0,0.6
151,1.2724362456370406,0.029090311956081694,0.35746773799187054,1181.6891364091323,1.3015265575931223,0.95,0.15,0.2,5,skewnorm,3,7.0,0.6
160,1.2583813774925894,0.04314518010053292,0.5457481567034262,537.1992870261694,1.3015265575931223,0.95,0.15,0.2,5,skewnorm,3,7.0,0.6
169,1.2289483019595964,0.07257825563352593,0.9435173232358371,189.83966023589102,1.3015265575931223,0.95,0.15,0.2,5,skewnorm,3,7.0,0.6
179,1.3985013636030927,0.09697480600997044,1.297434478931472,106.33645086236265,1.3015265575931223,0.95,0.15,0.2,5,skewnorm,3,7.0,0.6
189,1.3300843102182185,0.02855775262509619,0.3926041892469814,1226.1735549281627,1.3015265575931223,0.95,0.15,0.2,5,skewnorm,3,7.0,0.6
200,1.3165682262279939,0.015041668634871552,0.21272131784157347,4419.854430679744,1.3015265575931223,0.95,0.15,0.2,5,skewnorm,3,7.0,0.6
211,1.3373609159422528,0.03583435834913051,0.520524121708123,778.7547976580365,1.3015265575931223,0.95,0.15,0.2,5,skewnorm,3,7.0,0.6
223,1.2954037406729701,0.006122816920152152,0.09143315486959548,26674.571560215405,1.3015265575931223,0.95,0.15,0.2,5,skewnorm,3,7.0,0.6
236,1.3241934504457509,0.022666892852628573,0.3482154153047226,1946.3279378081006,1.3015265575931223,0.95,0.15,0.2,5,skewnorm,3,7.0,0.6
249,1.3560602260075174,0.05453366841439511,0.8605267727921471,336.25641135615075,1.3015265575931223,0.95,0.15,0.2,5,skewnorm,3,7.0,0.6
264,1.3181911627057317,0.016664605112609365,0.27076778386586253,3600.89075662021,1.3015265575931223,0.95,0.15,0.2,5,skewnorm,3,7.0,0.6
279,1.2876089339577614,0.013917623635360865,0.23247014667672913,5162.616011613136,1.3015265575931223,0.95,0.15,0.2,5,skewnorm,3,7.0,0.6
295,1.3507718381051315,0.04924528051200916,0.8458154689696851,412.3545288512301,1.3015265575931223,0.95,0.15,0.2,5,skewnorm,3,7.0,0.6
311,1.3562034328363604,0.054676875243238054,0.9642371977160995,334.4973074341653,1.3015265575931223,0.95,0.15,0.2,5,skewnorm,3,7.0,0.6
329,1.2941169457560022,0.007409611837120078,0.13439818582393107,18214.1573928389,1.3015265575931223,0.95,0.15,0.2,5,skewnorm,3,7.0,0.6
348,1.2774226580882784,0.02410389950484393,0.4496524146784783,1721.1764056495508,1.3015265575931223,0.95,0.15,0.2,5,skewnorm,3,7.0,0.6
368,1.3397026022428742,0.038176044649751883,0.7323435134666958,686.1485345676938,1.3015265575931223,0.95,0.15,0.2,5,skewnorm,3,7.0,0.6
389,1.3330679125313873,0.03154135493826504,0.6220927589611447,1005.1695151057708,1.3015265575931223,0.95,0.15,0.2,5,skewnorm,3,7.0,0.6
411,1.2908001691630395,0.010726388430082778,0.2174575199837629,8691.464493830732,1.3015265575931223,0.95,0.15,0.2,5,skewnorm,3,7.0,0.6
435,1.3625798844316914,0.06105332683856912,1.2733680898918653,268.2756971581869,1.3015265575931223,0.95,0.15,0.2,5,skewnorm,3,7.0,0.6
459,1.2821270461498633,0.01939951144325902,0.4156206675621969,2657.1643335556196,1.3015265575931223,0.95,0.15,0.2,5,skewnorm,3,7.0,0.6
486,1.2807329051057261,0.020793652487396175,0.45840454634587363,2312.801907470917,1.3015265575931223,0.95,0.15,0.2,5,skewnorm,3,7.0,0.6
513,1.265679120734879,0.03584743685824332,0.8119266396256779,778.1866625453869,1.3015265575931223,0.95,0.15,0.2,5,skewnorm,3,7.0,0.6
543,1.3347686206591558,0.0332420630660335,0.7746185338533921,904.9489111255436,1.3015265575931223,0.95,0.15,0.2,5,skewnorm,3,7.0,0.6
574,1.3288870080975643,0.027360450504442024,0.6555098020141701,1335.8371341851064,1.3015265575931223,0.95,0.15,0.2,5,skewnorm,3,7.0,0.6
606,1.3306520209832566,0.029125463390134332,0.7169834909676606,1178.8385035379088,1.3015265575931223,0.95,0.15,0.2,5,skewnorm,3,7.0,0.6
641,1.2818982204582046,0.01962833713491774,0.4969498038787782,2595.5714138014814,1.3015265575931223,0.95,0.15,0.2,5,skewnorm,3,7.0,0.6
678,1.3372836325290787,0.03575707493595637,0.931058204736662,782.1247527798172,1.3015265575931223,0.95,0.15,0.2,5,skewnorm,3,7.0,0.6
716,1.3251063759999269,0.023579818406804565,0.6309529385351031,1798.5358030528917,1.3015265575931223,0.95,0.15,0.2,5,skewnorm,3,7.0,0.6
757,1.305455850807006,0.003929293213883689,0.10810913137487052,64769.586377745596,1.3015265575931223,0.95,0.15,0.2,5,skewnorm,3,7.0,0.6
800,1.3306721398003003,0.029145582207178,0.8243615528130219,1177.2115914181838,1.3015265575931223,0.95,0.15,0.2,5,skewnorm,3,7.0,0.6
846,1.2698581667769078,0.03166839081621453,0.9211093216593086,997.1213337544199,1.3015265575931223,0.95,0.15,0.2,5,skewnorm,3,7.0,0.6
894,1.3043426053616853,0.0028160477685630347,0.0841993573677198,126101.41651084101,1.3015265575931223,0.95,0.15,0.2,5,skewnorm,3,7.0,0.6
946,1.3152677640549832,0.013741206461860944,0.4226398398826175,5296.027970306642,1.3015265575931223,0.95,0.15,0.2,5,skewnorm,3,7.0,0.6
1000,1.2839150609103498,0.01761149668277251,0.5569244252206103,3224.092322292599,1.3015265575931223,0.95,0.15,0.2,5,skewnorm,3,7.0,0.6
1057,1.31944396056021,0.01791740296708766,0.5825222990090996,3114.9413764924852,1.3015265575931223,0.95,0.15,0.2,5,skewnorm,3,7.0,0.6
1117,1.2995947874887623,0.0019317701043599644,0.06456275100413922,267971.8154548057,1.3015265575931223,0.95,0.15,0.2,5,skewnorm,3,7.0,0.6
1181,1.2857922030271196,0.015734354566002695,0.540721802752453,4039.263032504849,1.3015265575931223,0.95,0.15,0.2,5,skewnorm,3,7.0,0.6
1248,1.2877287573303116,0.013797800262810744,0.4874354896100001,5252.672121054777,1.3015265575931223,0.95,0.15,0.2,5,skewnorm,3,7.0,0.6
1319,1.3188642413694343,0.017337683776311952,0.6296706858679609,3326.7322235852484,1.3015265575931223,0.95,0.15,0.2,5,skewnorm,3,7.0,0.6
1395,1.2859248033630075,0.015601754230114784,0.5827208211522752,4108.214729754236,1.3015265575931223,0.95,0.15,0.2,5,skewnorm,3,7.0,0.6
1474,1.3033135643052478,0.001787006712125505,0.06860802625096928,313146.5508278318,1.3015265575931223,0.95,0.15,0.2,5,skewnorm,3,7.0,0.6
1558,1.295889730310137,0.005636827282985202,0.22249407720828315,31472.449418313354,1.3015265575931223,0.95,0.15,0.2,5,skewnorm,3,7.0,0.6
1647,1.299536481670019,0.001990075923103296,0.08076374427917098,252499.60853012465,1.3015265575931223,0.95,0.15,0.2,5,skewnorm,3,7.0,0.6
1741,1.3004633144588562,0.0010632431342660897,0.04436413033999299,884575.3358422675,1.3015265575931223,0.95,0.15,0.2,5,skewnorm,3,7.0,0.6
1841,1.2989356229595677,0.0025909346335546424,0.11116891080209763,148965.976315866,1.3015265575931223,0.95,0.15,0.2,5,skewnorm,3,7.0,0.6
1946,1.316150350589838,0.014623792996715679,0.6451065461259856,4676.0585262403065,1.3015265575931223,0.95,0.15,0.2,5,skewnorm,3,7.0,0.6
2057,1.3229953248547657,0.021468767261643373,0.9736979457871386,2169.630533650912,1.3015265575931223,0.95,0.15,0.2,5,skewnorm,3,7.0,0.6
2174,1.290992448039145,0.010534109553977267,0.4911652134902819,9011.650470286811,1.3015265575931223,0.95,0.15,0.2,5,skewnorm,3,7.0,0.6
2298,1.2995016937501171,0.0020248638430051535,0.09706682797468277,243898.06178530434,1.3015265575931223,0.95,0.15,0.2,5,skewnorm,3,7.0,0.6
2429,1.2883478904705405,0.013178667122581755,0.6495091083683647,5757.805938206368,1.3015265575931223,0.95,0.15,0.2,5,skewnorm,3,7.0,0.6
2568,1.2933836981609785,0.008142859432143768,0.41264296697130826,15081.555077945914,1.3015265575931223,0.95,0.15,0.2,5,skewnorm,3,7.0,0.6
2714,1.2792155192542864,0.022311038338835854,1.1623173059833993,2008.9097891027188,1.3015265575931223,0.95,0.15,0.2,5,skewnorm,3,7.0,0.6
2869,1.32046617280018,0.01893961520705778,1.0144634988037606,2787.774860847604,1.3015265575931223,0.95,0.15,0.2,5,skewnorm,3,7.0,0.6
3033,1.312202360692284,0.010675803099161607,0.5879450798382481,8774.025445734664,1.3015265575931223,0.95,0.15,0.2,5,skewnorm,3,7.0,0.6
3206,1.2900568819621523,0.011469675630970011,0.6494308198795414,7601.472488795685,1.3015265575931223,0.95,0.15,0.2,5,skewnorm,3,7.0,0.6
3389,1.2927149326153669,0.00881162497775545,0.5129697905949414,12879.173368777369,1.3015265575931223,0.95,0.15,0.2,5,skewnorm,3,7.0,0.6
3582,1.307225955014157,0.0056993974210346465,0.34110786433193657,30785.209749092315,1.3015265575931223,0.95,0.15,0.2,5,skewnorm,3,7.0,0.6
3787,1.3235098311054292,0.02198327351230689,1.352820002187311,2069.261003501832,1.3015265575931223,0.95,0.15,0.2,5,skewnorm,3,7.0,0.6
4003,1.2954188289454014,0.006107728647720911,0.38643150749449173,26806.525794677735,1.3015265575931223,0.95,0.15,0.2,5,skewnorm,3,7.0,0.6
4231,1.303435810081754,0.0019092524886317186,0.12418949984391058,274329.9783892497,1.3015265575931223,0.95,0.15,0.2,5,skewnorm,3,7.0,0.6
4473,1.306393756774103,0.004867199180980775,0.325520668238764,42212.56684992784,1.3015265575931223,0.95,0.15,0.2,5,skewnorm,3,7.0,0.6
4728,1.3001091883508682,0.0014173692422541073,0.09745895222965605,497776.04393431876,1.3015265575931223,0.95,0.15,0.2,5,skewnorm,3,7.0,0.6
4997,1.3088041961071726,0.0072776385140502775,0.514452349240351,18880.741223884375,1.3015265575931223,0.95,0.15,0.2,5,skewnorm,3,7.0,0.6
5283,1.290025650909289,0.011500906683833412,0.8359347609645977,7560.2444952840515,1.3015265575931223,0.95,0.15,0.2,5,skewnorm,3,7.0,0.6
5584,1.3080053562001999,0.006478798607077563,0.48413578517574574,23823.80028363241,1.3015265575931223,0.95,0.15,0.2,5,skewnorm,3,7.0,0.6
5903,1.2883253590694828,0.013201198523639546,1.0142610637526144,5738.168217622734,1.3015265575931223,0.95,0.15,0.2,5,skewnorm,3,7.0,0.6
6239,1.3009819175626418,0.0005446400304804921,0.04301966767793978,3371171.783435787,1.3015265575931223,0.95,0.15,0.2,5,skewnorm,3,7.0,0.6
6595,1.2864459758810718,0.015080581712050511,1.2246880891816596,4397.074375763185,1.3015265575931223,0.95,0.15,0.2,5,skewnorm,3,7.0,0.6
6972,1.2990530809882932,0.0024734766048291057,0.20653159366074866,163449.7971886469,1.3015265575931223,0.95,0.15,0.2,5,skewnorm,3,7.0,0.6
7370,1.2996170188200975,0.0019095387730247992,0.16393142914126888,274247.72763293295,1.3015265575931223,0.95,0.15,0.2,5,skewnorm,3,7.0,0.6
7790,1.2877315777507086,0.013794979842413735,1.2175583938200927,5254.820186251709,1.3015265575931223,0.95,0.15,0.2,5,skewnorm,3,7.0,0.6
8234,1.299924721549116,0.0016018360440062107,0.14535283042857838,389730.0349276037,1.3015265575931223,0.95,0.15,0.2,5,skewnorm,3,7.0,0.6
8704,1.2985526800707077,0.0029738775224146252,0.27744858838978254,113071.67957840019,1.3015265575931223,0.95,0.15,0.2,5,skewnorm,3,7.0,0.6
9201,1.3089077146535097,0.007381157060387444,0.7080141900700425,18354.861289702774,1.3015265575931223,0.95,0.15,0.2,5,skewnorm,3,7.0,0.6
9726,1.296736922461152,0.004789635131970282,0.4723561381912499,43590.83002346326,1.3015265575931223,0.95,0.15,0.2,5,skewnorm,3,7.0,0.6
10281,1.3095156276121807,0.007989070019058353,0.8100538809668012,15667.782896119528,1.3015265575931223,0.95,0.15,0.2,5,skewnorm,3,7.0,0.6
10867,1.3024419278488653,0.0009153702557429533,0.09542268439060997,1193455.98709094,1.3015265575931223,0.95,0.15,0.2,5,skewnorm,3,7.0,0.6
11487,1.3065654165494092,0.005038858956286862,0.5400519177736472,39385.430403528095,1.3015265575931223,0.95,0.15,0.2,5,skewnorm,3,7.0,0.6
12143,1.296750678599956,0.004775878993166227,0.5262793286562764,43842.3041893379,1.3015265575931223,0.95,0.15,0.2,5,skewnorm,3,7.0,0.6
12836,1.3074177078263653,0.005891150233243048,0.6674441827918872,28813.751338783637,1.3015265575931223,0.95,0.15,0.2,5,skewnorm,3,7.0,0.6
13568,1.3007675493131152,0.0007590082800070785,0.08841061896520526,1735829.1319389977,1.3015265575931223,0.95,0.15,0.2,5,skewnorm,3,7.0,0.6
14342,1.2971230682490307,0.004403489344091627,0.5273534709693355,51571.065042027076,1.3015265575931223,0.95,0.15,0.2,5,skewnorm,3,7.0,0.6
15160,1.3148842787065973,0.013357721113474996,1.6446821256145199,5604.479129232687,1.3015265575931223,0.95,0.15,0.2,5,skewnorm,3,7.0,0.6
16025,1.2979143379878333,0.003612219605289013,0.45727047891950107,76639.33172460244,1.3015265575931223,0.95,0.15,0.2,5,skewnorm,3,7.0,0.6
16940,1.3002640769654914,0.001262480627630902,0.16431659458900608,627408.7259573218,1.3015265575931223,0.95,0.15,0.2,5,skewnorm,3,7.0,0.6
17906,1.3004975297179766,0.0010290278751456938,0.13769761862250118,944377.6951439291,1.3015265575931223,0.95,0.15,0.2,5,skewnorm,3,7.0,0.6
18928,1.3057890760255924,0.004262518432470053,0.5864333140195206,55038.61033956289,1.3015265575931223,0.95,0.15,0.2,5,skewnorm,3,7.0,0.6
20008,1.302567706378195,0.0010411487850727763,0.1472701184202404,922517.0608206659,1.3015265575931223,0.95,0.15,0.2,5,skewnorm,3,7.0,0.6
21149,1.3011332065399965,0.0003933510531257678,0.057203846929174615,6463077.527318714,1.3015265575931223,0.95,0.15,0.2,5,skewnorm,3,7.0,0.6
22356,1.3022814057659942,0.0007548481728718581,0.11286431722183472,1755014.8018397505,1.3015265575931223,0.95,0.15,0.2,5,skewnorm,3,7.0,0.6
23631,1.3015640063285703,3.744873544797578e-05,0.005756761103813906,713059360.8489455,1.3015265575931223,0.95,0.15,0.2,5,skewnorm,3,7.0,0.6
24979,1.3062817623653669,0.004755204772244559,0.7515480418632532,44224.35960744251,1.3015265575931223,0.95,0.15,0.2,5,skewnorm,3,7.0,0.6
26405,1.3027204050985526,0.0011938475054302788,0.1939956278569044,701620.5284754918,1.3015265575931223,0.95,0.15,0.2,5,skewnorm,3,7.0,0.6
27911,1.3010384356286302,0.0004881219644921053,0.08154851347818766,4197041.84381133,1.3015265575931223,0.95,0.15,0.2,5,skewnorm,3,7.0,0.6
29503,1.2966579974657615,0.00486856012736081,0.8362451800686822,42188.97013592786,1.3015265575931223,0.95,0.15,0.2,5,skewnorm,3,7.0,0.6
31187,1.3172353481657515,0.015708790572629194,2.774147508664792,4052.4204698916565,1.3015265575931223,0.95,0.15,0.2,5,skewnorm,3,7.0,0.6
32966,1.30391956106555,0.0023930034724277682,0.4344866690678173,174627.78378920216,1.3015265575931223,0.95,0.15,0.2,5,skewnorm,3,7.0,0.6
34847,1.2977596780162066,0.0037668795769156826,0.7031766390724082,70475.23407512241,1.3015265575931223,0.95,0.15,0.2,5,skewnorm,3,7.0,0.6
36835,1.3023316201471935,0.0008050625540712009,0.1545111994247285,1542910.5424508732,1.3015265575931223,0.95,0.15,0.2,5,skewnorm,3,7.0,0.6
38936,1.3013669837649187,0.00015957382820364074,0.03148743837833737,39271426.06133573,1.3015265575931223,0.95,0.15,0.2,5,skewnorm,3,7.0,0.6
41158,1.3029285605487309,0.00140200295560855,0.2844304317937342,508747.3284235551,1.3015265575931223,0.95,0.15,0.2,5,skewnorm,3,7.0,0.6
43506,1.2992130502675954,0.002313507325526931,0.482553485342274,186835.00242868357,1.3015265575931223,0.95,0.15,0.2,5,skewnorm,3,7.0,0.6
45988,1.3042770943537956,0.0027505367606732722,0.5898474618694473,132179.80070927486,1.3015265575931223,0.95,0.15,0.2,5,skewnorm,3,7.0,0.6
48612,1.299054760327613,0.002471797265509279,0.5449850539777472,163671.9682530333,1.3015265575931223,0.95,0.15,0.2,5,skewnorm,3,7.0,0.6
51385,1.3067759433427582,0.005249385749635849,1.1899443968987125,36289.67042946687,1.3015265575931223,0.95,0.15,0.2,5,skewnorm,3,7.0,0.6
54317,1.3010540854882857,0.0004724721048365854,0.11011438564925367,4479686.840672263,1.3015265575931223,0.95,0.15,0.2,5,skewnorm,3,7.0,0.6
57416,1.29737291915655,0.004153638436572349,0.9952797231039395,57961.900994304226,1.3015265575931223,0.95,0.15,0.2,5,skewnorm,3,7.0,0.6
60692,1.3013911178067907,0.0001354397863315704,0.03336660226651484,54513928.48186289,1.3015265575931223,0.95,0.15,0.2,5,skewnorm,3,7.0,0.6
64154,1.298601575041347,0.0029249825517752015,0.7408582981482091,116883.5626288986,1.3015265575931223,0.95,0.15,0.2,5,skewnorm,3,7.0,0.6
67814,1.3045570535685267,0.0030304959754043903,0.7891751337838002,108886.13358814975,1.3015265575931223,0.95,0.15,0.2,5,skewnorm,3,7.0,0.6
71683,1.3040197047335493,0.0024931471404270322,0.6675072648972238,160880.78590983388,1.3015265575931223,0.95,0.15,0.2,5,skewnorm,3,7.0,0.6
75773,1.3039612271727439,0.0024346695796215734,0.6701889616247624,168701.88730540065,1.3015265575931223,0.95,0.15,0.2,5,skewnorm,3,7.0,0.6
80096,1.3068730313386303,0.005346473745508007,1.5131181910008247,34983.65028961169,1.3015265575931223,0.95,0.15,0.2,5,skewnorm,3,7.0,0.6
84666,1.3019992390304724,0.0004726814373501309,0.13753811521808,4475719.955634309,1.3015265575931223,0.95,0.15,0.2,5,skewnorm,3,7.0,0.6
89496,1.3020490101701232,0.0005224525770008981,0.15629629680498142,3663584.801291543,1.3015265575931223,0.95,0.15,0.2,5,skewnorm,3,7.0,0.6
94602,1.300178222568284,0.0013483350248382209,0.4147133109794251,550052.7849557663,1.3015265575931223,0.95,0.15,0.2,5,skewnorm,3,7.0,0.6
100000,1.3010874232058134,0.00043913438730891485,0.13886648627987103,5185672.750510197,1.3015265575931223,0.95,0.15,0.2,5,skewnorm,3,7.0,0.6
105705,1.2981285760836507,0.0033979815094715704,1.1047621245288117,86607.99355991138,1.3015265575931223,0.95,0.15,0.2,5,skewnorm,3,7.0,0.6
111735,1.298067607658916,0.003458949934206368,1.1562157808217426,83581.7477089548,1.3015265575931223,0.95,0.15,0.2,5,skewnorm,3,7.0,0.6
118110,1.3019745557749736,0.0004479981818512613,0.15396414203301964,4982502.176263811,1.3015265575931223,0.95,0.15,0.2,5,skewnorm,3,7.0,0.6
124849,1.3011850180007036,0.0003415395924186715,0.1206795243834571,8572705.180265151,1.3015265575931223,0.95,0.15,0.2,5,skewnorm,3,7.0,0.6
131972,1.2979331213778191,0.0035934362153031696,1.3054217357116342,77442.63459358473,1.3015265575931223,0.95,0.15,0.2,5,skewnorm,3,7.0,0.6
139501,1.3005829072014563,0.0009436503916659955,0.3524518422167916,1122994.8148191446,1.3015265575931223,0.95,0.15,0.2,5,skewnorm,3,7.0,0.6
147460,1.2999057952329778,0.0016207623601445231,0.622381187708876,380681.0999055737,1.3015265575931223,0.95,0.15,0.2,5,skewnorm,3,7.0,0.6
155873,1.3000401374315307,0.0014864201615916173,0.5868498993752422,452602.37150726933,1.3015265575931223,0.95,0.15,0.2,5,skewnorm,3,7.0,0.6
164765,1.3000063151534114,0.0015202424397109393,0.617085488603056,432687.44662598835,1.3015265575931223,0.95,0.15,0.2,5,skewnorm,3,7.0,0.6
174166,1.3025220316501496,0.000995474057027268,0.4154431812854758,1009113.7113748565,1.3015265575931223,0.95,0.15,0.2,5,skewnorm,3,7.0,0.6
184102,1.3034712277510545,0.0019446701579322045,0.834401743734001,264428.40201101406,1.3015265575931223,0.95,0.15,0.2,5,skewnorm,3,7.0,0.6
194606,1.303129439293427,0.001602881700304648,0.7070979591180055,389221.7120245277,1.3015265575931223,0.95,0.15,0.2,5,skewnorm,3,7.0,0.6
205708,1.3003001989236802,0.0012263586694420958,0.5562155119274421,664913.2522474711,1.3015265575931223,0.95,0.15,0.2,5,skewnorm,3,7.0,0.6
217444,1.3010557151243385,0.0004708424687838164,0.21955803862980633,4510749.8528418,1.3015265575931223,0.95,0.15,0.2,5,skewnorm,3,7.0,0.6
229850,1.2995842960544468,0.0019422615386754938,0.9311721196854368,265084.64963391057,1.3015265575931223,0.95,0.15,0.2,5,skewnorm,3,7.0,0.6
242964,1.3019087068345718,0.00038214924144952533,0.18836662925367145,6847530.829876247,1.3015265575931223,0.95,0.15,0.2,5,skewnorm,3,7.0,0.6
256825,1.3043496990916805,0.0028231414985582237,1.4307089512826885,125468.50062218202,1.3015265575931223,0.95,0.15,0.2,5,skewnorm,3,7.0,0.6
271478,1.3016977276586226,0.00017117006550027014,0.08918568193429349,34130634.834364094,1.3015265575931223,0.95,0.15,0.2,5,skewnorm,3,7.0,0.6
286966,1.302224362204236,0.0006978046111136837,0.3738084005815094,2053677.9022898313,1.3015265575931223,0.95,0.15,0.2,5,skewnorm,3,7.0,0.6
303338,1.3014974359508995,2.9121642222795785e-05,0.01603907327555051,1179147884.0791564,1.3015265575931223,0.95,0.15,0.2,5,skewnorm,3,7.0,0.6
320644,1.3013431239203825,0.0001834336727397634,0.10387011692423095,29719525.87247389,1.3015265575931223,0.95,0.15,0.2,5,skewnorm,3,7.0,0.6
338938,1.2989745950656884,0.0025519625274339486,1.4857112921270428,153550.56330851387,1.3015265575931223,0.95,0.15,0.2,5,skewnorm,3,7.0,0.6
358275,1.3020948187247936,0.0005682611316712993,0.34013882272588947,3096735.3822875908,1.3015265575931223,0.95,0.15,0.2,5,skewnorm,3,7.0,0.6
378715,1.3011281272171364,0.00039843037598585873,0.24519335415287127,6299340.985611957,1.3015265575931223,0.95,0.15,0.2,5,skewnorm,3,7.0,0.6
400322,1.3025753502626154,0.0010487926694930927,0.6635816562454484,909118.9565822869,1.3015265575931223,0.95,0.15,0.2,5,skewnorm,3,7.0,0.6
423161,1.3019422168068293,0.0004156592137070092,0.27038975303460205,5787955.40805197,1.3015265575931223,0.95,0.15,0.2,5,skewnorm,3,7.0,0.6
447303,1.301140215642044,0.00038634195107833946,0.25838825810227417,6699713.9812226035,1.3015265575931223,0.95,0.15,0.2,5,skewnorm,3,7.0,0.6
472823,1.3014884946160932,3.806297702912964e-05,0.026172912301507208,690231053.4502994,1.3015265575931223,0.95,0.15,0.2,5,skewnorm,3,7.0,0.6
499798,1.301457215030163,6.934256295920704e-05,0.0490226909082536,207969774.5355587,1.3015265575931223,0.95,0.15,0.2,5,skewnorm,3,7.0,0.6
528313,1.3025081106640581,0.0009815530709358367,0.7134432523575289,1037940.4269483628,1.3015265575931223,0.95,0.15,0.2,5,skewnorm,3,7.0,0.6
558454,1.3016956802823099,0.0001691226891875619,0.12638501334666755,34961998.407857925,1.3015265575931223,0.95,0.15,0.2,5,skewnorm,3,7.0,0.6
590315,1.3016406040923667,0.00011404649924440236,0.08762416010610238,76884019.90067984,1.3015265575931223,0.95,0.15,0.2,5,skewnorm,3,7.0,0.6
623994,1.3012186705492979,0.00030788704382445076,0.2432101080311097,10549142.82924307,1.3015265575931223,0.95,0.15,0.2,5,skewnorm,3,7.0,0.6
659594,1.3014002182732078,0.00012633931991445913,0.10260697471424929,62650267.62055007,1.3015265575931223,0.95,0.15,0.2,5,skewnorm,3,7.0,0.6
697225,1.3017777207407695,0.00025116314764717096,0.20972122828538775,15852149.72958403,1.3015265575931223,0.95,0.15,0.2,5,skewnorm,3,7.0,0.6
737004,1.3019118811256516,0.0003853235325292914,0.3307961570456445,6735175.764548436,1.3015265575931223,0.95,0.15,0.2,5,skewnorm,3,7.0,0.6
779051,1.3006195929933484,0.0009069645997739073,0.8005220168917145,1215680.1559422673,1.3015265575931223,0.95,0.15,0.2,5,skewnorm,3,7.0,0.6
823498,1.3018208592058493,0.0002943016127270326,0.2670692681657139,11545552.383279929,1.3015265575931223,0.95,0.15,0.2,5,skewnorm,3,7.0,0.6
870480,1.3008983232091214,0.0006282343840009474,0.5861396501956757,2533708.1925618784,1.3015265575931223,0.95,0.15,0.2,5,skewnorm,3,7.0,0.6
920143,1.300955987235621,0.0005705703575014098,0.547314392243382,3071719.7456784137,1.3015265575931223,0.95,0.15,0.2,5,skewnorm,3,7.0,0.6
972639,1.3011267912294668,0.0003997663636554627,0.39425942986313467,6257307.53754219,1.3015265575931223,0.95,0.15,0.2,5,skewnorm,3,7.0,0.6
1028130,1.3009815421042488,0.0005450154888735348,0.5526279682426509,3366528.617187473,1.3015265575931223,0.95,0.15,0.2,5,skewnorm,3,7.0,0.6
1086787,1.3013339446496985,0.00019261294342376445,0.2007972151904593,26954362.455498766,1.3015265575931223,0.95,0.15,0.2,5,skewnorm,3,7.0,0.6
1148790,1.300595250180954,0.0009313074121684028,0.9981903860605286,1152959.0459242917,1.3015265575931223,0.95,0.15,0.2,5,skewnorm,3,7.0,0.6
1214331,1.301588928514049,6.237092092664653e-05,0.06873068900560499,257060700.57863256,1.3015265575931223,0.95,0.15,0.2,5,skewnorm,3,7.0,0.6
1283611,1.3024179304233805,0.0008913728302581969,1.0098947334799997,1258581.1280204798,1.3015265575931223,0.95,0.15,0.2,5,skewnorm,3,7.0,0.6
1356844,1.3001297852033662,0.0013967723897561068,1.6270114187725464,512564.72756960423,1.3015265575931223,0.95,0.15,0.2,5,skewnorm,3,7.0,0.6
1434255,1.3023904944053752,0.0008639368122529412,1.0346540591711264,1339787.8675576325,1.3015265575931223,0.95,0.15,0.2,5,skewnorm,3,7.0,0.6
1516082,1.301331322800057,0.00019523479306537972,0.24039119823508032,26235271.751640204,1.3015265575931223,0.95,0.15,0.2,5,skewnorm,3,7.0,0.6
1602578,1.301020323299201,0.0005062342939212705,0.6408570267653381,3902086.346715411,1.3015265575931223,0.95,0.15,0.2,5,skewnorm,3,7.0,0.6
1694008,1.3017547576846793,0.00022820009155699594,0.2970116899194219,19202968.581091966,1.3015265575931223,0.95,0.15,0.2,5,skewnorm,3,7.0,0.6
1790655,1.3016963899495333,0.0001698323564109927,0.22726177549851803,34670422.10267759,1.3015265575931223,0.95,0.15,0.2,5,skewnorm,3,7.0,0.6
1892816,1.301196874427941,0.0003296831651813381,0.4535769436376745,9200394.673777182,1.3015265575931223,0.95,0.15,0.2,5,skewnorm,3,7.0,0.6
2000805,1.3021395075035902,0.000612949910467897,0.8670165108562603,2661644.37268932,1.3015265575931223,0.95,0.15,0.2,5,skewnorm,3,7.0,0.6
2114955,1.3014689379604942,5.7619632628069795e-05,0.08379556828840556,301202817.53092873,1.3015265575931223,0.95,0.15,0.2,5,skewnorm,3,7.0,0.6
2235617,1.3013319367618055,0.0001946208313168274,0.29099667389014533,26401059.349456247,1.3015265575931223,0.95,0.15,0.2,5,skewnorm,3,7.0,0.6
2363164,1.3007418822473769,0.0007846753457454447,1.2062489226195814,1624126.9958324174,1.3015265575931223,0.95,0.15,0.2,5,skewnorm,3,7.0,0.6
2497988,1.302180056235083,0.0006534986419606259,1.0328562058365949,2341588.74078917,1.3015265575931223,0.95,0.15,0.2,5,skewnorm,3,7.0,0.6
2640503,1.3015869246968144,6.036710369206055e-05,0.09809427738522367,274409612.590326,1.3015265575931223,0.95,0.15,0.2,5,skewnorm,3,7.0,0.6
2791149,1.3016331768707803,0.00010661927765798218,0.17812597166285943,87968771.75359863,1.3015265575931223,0.95,0.15,0.2,5,skewnorm,3,7.0,0.6
2950390,1.301732527727345,0.0002059701342227438,0.35378870672639245,23571732.06880588,1.3015265575931223,0.95,0.15,0.2,5,skewnorm,3,7.0,0.6
3118716,1.3013973265413397,0.00012923105178264116,0.22822057389813125,59877856.078064784,1.3015265575931223,0.95,0.15,0.2,5,skewnorm,3,7.0,0.6
3296645,1.3010915132960332,0.0004350442970890711,0.7898953755023176,5283637.819146224,1.3015265575931223,0.95,0.15,0.2,5,skewnorm,3,7.0,0.6
3484726,1.3015755932917599,4.903569863756729e-05,0.09153700215769578,415886923.5878487,1.3015265575931223,0.95,0.15,0.2,5,skewnorm,3,7.0,0.6
3683537,1.3015566246857717,3.0067092649410654e-05,0.05770639632269833,1106157907.5927417,1.3015265575931223,0.95,0.15,0.2,5,skewnorm,3,7.0,0.6
3893690,1.3016452620276877,0.00011870443456540869,0.23423275662564313,70968579.52935691,1.3015265575931223,0.95,0.15,0.2,5,skewnorm,3,7.0,0.6
4115833,1.3013452025322054,0.0001813550609168768,0.3679243675671528,30404694.276433256,1.3015265575931223,0.95,0.15,0.2,5,skewnorm,3,7.0,0.6
4350650,1.3016372305834387,0.00011067299031641831,0.23084406739025157,81642578.22897519,1.3015265575931223,0.95,0.15,0.2,5,skewnorm,3,7.0,0.6
4598864,1.3020411850396514,0.0005146274465290812,1.1036166092790047,3775844.5887640654,1.3015265575931223,0.95,0.15,0.2,5,skewnorm,3,7.0,0.6
4861239,1.3014089318962379,0.00011762569688444913,0.25934369620286396,72276244.94965747,1.3015265575931223,0.95,0.15,0.2,5,skewnorm,3,7.0,0.6
5138582,1.3013673287060021,0.00015922888712016636,0.36094705721718157,39441759.48960624,1.3015265575931223,0.95,0.15,0.2,5,skewnorm,3,7.0,0.6
5431749,1.3014115548013105,0.00011500279181175799,0.2680268053462244,75610695.54026777,1.3015265575931223,0.95,0.15,0.2,5,skewnorm,3,7.0,0.6
5741642,1.3012984762053286,0.00022808138779373266,0.546522318269421,19222961.95123208,1.3015265575931223,0.95,0.15,0.2,5,skewnorm,3,7.0,0.6
6069215,1.3020018936367195,0.0004753360435971743,1.1710272689145684,4425868.497177106,1.3015265575931223,0.95,0.15,0.2,5,skewnorm,3,7.0,0.6
6415476,1.30147975338082,4.6804212302298254e-05,0.11854940618740924,456488791.81361085,1.3015265575931223,0.95,0.15,0.2,5,skewnorm,3,7.0,0.6
6781492,1.301796598926708,0.00027004133358565774,0.7032226832315616,13713222.161650073,1.3015265575931223,0.95,0.15,0.2,5,skewnorm,3,7.0,0.6
7168391,1.3015475808885864,2.1023295464051017e-05,0.05628745813159598,2262551180.53248,1.3015265575931223,0.95,0.15,0.2,5,skewnorm,3,7.0,0.6
7577362,1.3014275292231188,9.902837000352882e-05,0.27259547882981494,101971953.35998061,1.3015265575931223,0.95,0.15,0.2,5,skewnorm,3,7.0,0.6
8009666,1.3018687401817948,0.0003421825886724683,0.9684230343522536,8540517.462440362,1.3015265575931223,0.95,0.15,0.2,5,skewnorm,3,7.0,0.6
8466635,1.3014318540473575,9.4703545764796e-05,0.27556347853712404,111498113.87366976,1.3015265575931223,0.95,0.15,0.2,5,skewnorm,3,7.0,0.6
8949674,1.3014255952557967,0.00010096233732559412,0.3020389863908485,98102755.89633651,1.3015265575931223,0.95,0.15,0.2,5,skewnorm,3,7.0,0.6
9460271,1.301537323882797,1.0766289674668528e-05,0.03311447311367267,8627160519.47632,1.3015265575931223,0.95,0.15,0.2,5,skewnorm,3,7.0,0.6
10000000,1.3012867591451012,0.00023979844802113348,0.7583092751202788,17390307.603944022,1.3015265575931223,0.95,0.15,0.2,5,skewnorm,3,7.0,0.6
